building_seed,K,sampling_attempt,constraint_pass,reproducibility_digest,total_available_rows,total_anomaly_rows,natural_anomaly_prevalence,site_distribution_json,primary_use_distribution_json,meter_presence_json,meter_row_share_json,anomaly_rate_bin_distribution_json,anomaly_bearing_meter_count_distribution_json,building_size_bin_distribution_json
47,10,3,True,47209e4e196703d119017168df31b010ee47b5185709435fdc22c1c9ed7f8333,171556,11087,0.06462612791158572,"{""counts"": {""0"": 1, ""13"": 1, ""14"": 1, ""15"": 1, ""2"": 1, ""3"": 2, ""4"": 1, ""5"": 1, ""9"": 1}, ""shares"": {""0"": 0.1, ""13"": 0.1, ""14"": 0.1, ""15"": 0.1, ""2"": 0.1, ""3"": 0.2, ""4"": 0.1, ""5"": 0.1, ""9"": 0.1}}","{""counts"": {""Education"": 3, ""Entertainment/public assembly"": 3, ""Office"": 2, ""Public services"": 2}, ""shares"": {""Education"": 0.3, ""Entertainment/public assembly"": 0.3, ""Office"": 0.2, ""Public services"": 0.2}}","{""counts"": {""0"": 10, ""1"": 5, ""2"": 3, ""3"": 2}, ""shares"": {""0"": 1.0, ""1"": 0.5, ""2"": 0.3, ""3"": 0.2}}","{""0"": 0.5041968803189629, ""1"": 0.24747604280817925, ""2"": 0.145940684091492, ""3"": 0.10238639278136585}","{""counts"": {""positive_high"": 2, ""positive_low"": 2, ""positive_mid"": 3, ""zero"": 3}, ""shares"": {""positive_high"": 0.2, ""positive_low"": 0.2, ""positive_mid"": 0.3, ""zero"": 0.3}}","{""counts"": {""0"": 3, ""1"": 4, ""3"": 3}, ""shares"": {""0"": 0.3, ""1"": 0.4, ""3"": 0.3}}","{""counts"": {""size_q2"": 4, ""size_q3"": 1, ""size_q4"": 5}, ""shares"": {""size_q2"": 0.4, ""size_q3"": 0.1, ""size_q4"": 0.5}}"
47,20,3,True,b7c0e4ee7fd8ad6c0dbc3c6090945f49b5585c9feaf31207378c56a06646cdee,325020,14235,0.04379730478124423,"{""counts"": {""0"": 1, ""1"": 1, ""12"": 1, ""13"": 2, ""14"": 1, ""15"": 2, ""2"": 2, ""3"": 4, ""4"": 1, ""5"": 1, ""6"": 1, ""8"": 1, ""9"": 2}, ""shares"": {""0"": 0.05, ""1"": 0.05, ""12"": 0.05, ""13"": 0.1, ""14"": 0.05, ""15"": 0.1, ""2"": 0.1, ""3"": 0.2, ""4"": 0.05, ""5"": 0.05, ""6"": 0.05, ""8"": 0.05, ""9"": 0.1}}","{""counts"": {""Education"": 7, ""Entertainment/public assembly"": 5, ""Lodging/residential"": 1, ""Office"": 3, ""Public services"": 4}, ""shares"": {""Education"": 0.35, ""Entertainment/public assembly"": 0.25, ""Lodging/residential"": 0.05, ""Office"": 0.15, ""Public services"": 0.2}}","{""counts"": {""0"": 20, ""1"": 8, ""2"": 7, ""3"": 3}, ""shares"": {""0"": 1.0, ""1"": 0.4, ""2"": 0.35, ""3"": 0.15}}","{""0"": 0.5307242631222694, ""1"": 0.20719340348286258, ""2"": 0.1810165528275183, ""3"": 0.0810657805673497}","{""counts"": {""positive_high"": 4, ""positive_low"": 6, ""positive_mid"": 6, ""zero"": 4}, ""shares"": {""positive_high"": 0.2, ""positive_low"": 0.3, ""positive_mid"": 0.3, ""zero"": 0.2}}","{""counts"": {""0"": 4, ""1"": 9, ""2"": 2, ""3"": 5}, ""shares"": {""0"": 0.2, ""1"": 0.45, ""2"": 0.1, ""3"": 0.25}}","{""counts"": {""size_q1"": 2, ""size_q2"": 6, ""size_q3"": 3, ""size_q4"": 9}, ""shares"": {""size_q1"": 0.1, ""size_q2"": 0.3, ""size_q3"": 0.15, ""size_q4"": 0.45}}"
47,50,3,True,25d82605face7a351d5b26aed924de1a1019975d1e9accb7647955905b2a13e0,806986,53673,0.0665104475170573,"{""counts"": {""0"": 4, ""1"": 2, ""10"": 1, ""12"": 1, ""13"": 5, ""14"": 4, ""15"": 4, ""2"": 5, ""3"": 9, ""4"": 3, ""5"": 3, ""6"": 2, ""7"": 1, ""8"": 2, ""9"": 4}, ""shares"": {""0"": 0.08, ""1"": 0.04, ""10"": 0.02, ""12"": 0.02, ""13"": 0.1, ""14"": 0.08, ""15"": 0.08, ""2"": 0.1, ""3"": 0.18, ""4"": 0.06, ""5"": 0.06, ""6"": 0.04, ""7"": 0.02, ""8"": 0.04, ""9"": 0.08}}","{""counts"": {""Education"": 19, ""Entertainment/public assembly"": 9, ""Lodging/residential"": 4, ""Office"": 8, ""Parking"": 1, ""Public services"": 9}, ""shares"": {""Education"": 0.38, ""Entertainment/public assembly"": 0.18, ""Lodging/residential"": 0.08, ""Office"": 0.16, ""Parking"": 0.02, ""Public services"": 0.18}}","{""counts"": {""0"": 49, ""1"": 24, ""2"": 14, ""3"": 8}, ""shares"": {""0"": 0.98, ""1"": 0.48, ""2"": 0.28, ""3"": 0.16}}","{""0"": 0.521422924313433, ""1"": 0.2443065926794269, ""2"": 0.1472070147437502, ""3"": 0.08706346826338995}","{""counts"": {""positive_high"": 14, ""positive_low"": 13, ""positive_mid"": 14, ""zero"": 9}, ""shares"": {""positive_high"": 0.28, ""positive_low"": 0.26, ""positive_mid"": 0.28, ""zero"": 0.18}}","{""counts"": {""0"": 9, ""1"": 20, ""2"": 10, ""3"": 11}, ""shares"": {""0"": 0.18, ""1"": 0.4, ""2"": 0.2, ""3"": 0.22}}","{""counts"": {""size_q1"": 9, ""size_q2"": 10, ""size_q3"": 11, ""size_q4"": 20}, ""shares"": {""size_q1"": 0.18, ""size_q2"": 0.2, ""size_q3"": 0.22, ""size_q4"": 0.4}}"
47,100,3,True,8ef855794489ecd0a9ae8049084222eef19a222dd2e117281cbffabb230302c7,1537175,101053,0.06573942459381658,"{""counts"": {""0"": 7, ""1"": 3, ""10"": 2, ""11"": 1, ""12"": 3, ""13"": 11, ""14"": 7, ""15"": 8, ""2"": 9, ""3"": 19, ""4"": 6, ""5"": 6, ""6"": 3, ""7"": 1, ""8"": 5, ""9"": 9}, ""shares"": {""0"": 0.07, ""1"": 0.03, ""10"": 0.02, ""11"": 0.01, ""12"": 0.03, ""13"": 0.11, ""14"": 0.07, ""15"": 0.08, ""2"": 0.09, ""3"": 0.19, ""4"": 0.06, ""5"": 0.06, ""6"": 0.03, ""7"": 0.01, ""8"": 0.05, ""9"": 0.09}}","{""counts"": {""Education"": 34, ""Entertainment/public assembly"": 19, ""Lodging/residential"": 6, ""Office"": 17, ""Parking"": 1, ""Public services"": 20, ""Retail"": 1, ""Services"": 1, ""Warehouse/storage"": 1}, ""shares"": {""Education"": 0.34, ""Entertainment/public assembly"": 0.19, ""Lodging/residential"": 0.06, ""Office"": 0.17, ""Parking"": 0.01, ""Public services"": 0.2, ""Retail"": 0.01, ""Services"": 0.01, ""Warehouse/storage"": 0.01}}","{""counts"": {""0"": 97, ""1"": 43, ""2"": 26, ""3"": 15}, ""shares"": {""0"": 0.97, ""1"": 0.43, ""2"": 0.26, ""3"": 0.15}}","{""0"": 0.5400458633532291, ""1"": 0.23120529542830193, ""2"": 0.14326410460747802, ""3"": 0.08548473661099094}","{""counts"": {""positive_high"": 27, ""positive_low"": 24, ""positive_mid"": 31, ""zero"": 18}, ""shares"": {""positive_high"": 0.27, ""positive_low"": 0.24, ""positive_mid"": 0.31, ""zero"": 0.18}}","{""counts"": {""0"": 18, ""1"": 46, ""2"": 14, ""3"": 22}, ""shares"": {""0"": 0.18, ""1"": 0.46, ""2"": 0.14, ""3"": 0.22}}","{""counts"": {""size_q1"": 18, ""size_q2"": 21, ""size_q3"": 26, ""size_q4"": 35}, ""shares"": {""size_q1"": 0.18, ""size_q2"": 0.21, ""size_q3"": 0.26, ""size_q4"": 0.35}}"
48,10,2,True,45b4147fc26501c19ae57ba8ce0556ddca404e04d42ad29903249b5d14973c1e,137696,17418,0.1264960492679526,"{""counts"": {""0"": 1, ""13"": 1, ""14"": 1, ""15"": 1, ""2"": 1, ""3"": 2, ""4"": 1, ""5"": 1, ""9"": 1}, ""shares"": {""0"": 0.1, ""13"": 0.1, ""14"": 0.1, ""15"": 0.1, ""2"": 0.1, ""3"": 0.2, ""4"": 0.1, ""5"": 0.1, ""9"": 0.1}}","{""counts"": {""Education"": 4, ""Healthcare"": 1, ""Office"": 2, ""Other"": 1, ""Public services"": 1, ""Utility"": 1}, ""shares"": {""Education"": 0.4, ""Healthcare"": 0.1, ""Office"": 0.2, ""Other"": 0.1, ""Public services"": 0.1, ""Utility"": 0.1}}","{""counts"": {""0"": 9, ""1"": 3, ""2"": 2, ""3"": 2}, ""shares"": {""0"": 0.9, ""1"": 0.3, ""2"": 0.2, ""3"": 0.2}}","{""0"": 0.5644172670230072, ""1"": 0.19135632117127585, ""2"": 0.11805716941668604, ""3"": 0.1261692423890309}","{""counts"": {""positive_high"": 3, ""positive_low"": 1, ""positive_mid"": 4, ""zero"": 2}, ""shares"": {""positive_high"": 0.3, ""positive_low"": 0.1, ""positive_mid"": 0.4, ""zero"": 0.2}}","{""counts"": {""0"": 2, ""1"": 5, ""2"": 1, ""3"": 2}, ""shares"": {""0"": 0.2, ""1"": 0.5, ""2"": 0.1, ""3"": 0.2}}","{""counts"": {""size_q1"": 1, ""size_q2"": 4, ""size_q3"": 3, ""size_q4"": 2}, ""shares"": {""size_q1"": 0.1, ""size_q2"": 0.4, ""size_q3"": 0.3, ""size_q4"": 0.2}}"
48,20,2,True,9bae6dfd38036697fa4ad266c36cb0d43442e182c6b4b71556a878e4b5b69dec,289717,29070,0.10033929662394682,"{""counts"": {""0"": 1, ""1"": 1, ""12"": 1, ""13"": 2, ""14"": 1, ""15"": 2, ""2"": 2, ""3"": 4, ""4"": 1, ""5"": 1, ""6"": 1, ""8"": 1, ""9"": 2}, ""shares"": {""0"": 0.05, ""1"": 0.05, ""12"": 0.05, ""13"": 0.1, ""14"": 0.05, ""15"": 0.1, ""2"": 0.1, ""3"": 0.2, ""4"": 0.05, ""5"": 0.05, ""6"": 0.05, ""8"": 0.05, ""9"": 0.1}}","{""counts"": {""Education"": 6, ""Entertainment/public assembly"": 3, ""Healthcare"": 1, ""Office"": 4, ""Other"": 1, ""Public services"": 3, ""Services"": 1, ""Utility"": 1}, ""shares"": {""Education"": 0.3, ""Entertainment/public assembly"": 0.15, ""Healthcare"": 0.05, ""Office"": 0.2, ""Other"": 0.05, ""Public services"": 0.15, ""Services"": 0.05, ""Utility"": 0.05}}","{""counts"": {""0"": 19, ""1"": 7, ""2"": 5, ""3"": 3}, ""shares"": {""0"": 0.95, ""1"": 0.35, ""2"": 0.25, ""3"": 0.15}}","{""0"": 0.5645819886302841, ""1"": 0.20272541825298482, ""2"": 0.1424182909528954, ""3"": 0.09027430216383574}","{""counts"": {""positive_high"": 8, ""positive_low"": 4, ""positive_mid"": 5, ""zero"": 3}, ""shares"": {""positive_high"": 0.4, ""positive_low"": 0.2, ""positive_mid"": 0.25, ""zero"": 0.15}}","{""counts"": {""0"": 3, ""1"": 10, ""2"": 3, ""3"": 4}, ""shares"": {""0"": 0.15, ""1"": 0.5, ""2"": 0.15, ""3"": 0.2}}","{""counts"": {""size_q1"": 4, ""size_q2"": 6, ""size_q3"": 4, ""size_q4"": 6}, ""shares"": {""size_q1"": 0.2, ""size_q2"": 0.3, ""size_q3"": 0.2, ""size_q4"": 0.3}}"
48,50,2,True,7cc9439fcee94144fab468a5e5c6250e8ad4ae6ef5d9141d32feaab6319f43e1,665357,75617,0.1136487629949035,"{""counts"": {""0"": 4, ""1"": 2, ""10"": 1, ""12"": 1, ""13"": 5, ""14"": 4, ""15"": 4, ""2"": 5, ""3"": 9, ""4"": 3, ""5"": 3, ""6"": 2, ""7"": 1, ""8"": 2, ""9"": 4}, ""shares"": {""0"": 0.08, ""1"": 0.04, ""10"": 0.02, ""12"": 0.02, ""13"": 0.1, ""14"": 0.08, ""15"": 0.08, ""2"": 0.1, ""3"": 0.18, ""4"": 0.06, ""5"": 0.06, ""6"": 0.04, ""7"": 0.02, ""8"": 0.04, ""9"": 0.08}}","{""counts"": {""Education"": 23, ""Entertainment/public assembly"": 7, ""Healthcare"": 1, ""Lodging/residential"": 4, ""Office"": 8, ""Other"": 1, ""Public services"": 4, ""Services"": 1, ""Utility"": 1}, ""shares"": {""Education"": 0.46, ""Entertainment/public assembly"": 0.14, ""Healthcare"": 0.02, ""Lodging/residential"": 0.08, ""Office"": 0.16, ""Other"": 0.02, ""Public services"": 0.08, ""Services"": 0.02, ""Utility"": 0.02}}","{""counts"": {""0"": 47, ""1"": 16, ""2"": 10, ""3"": 5}, ""shares"": {""0"": 0.94, ""1"": 0.32, ""2"": 0.2, ""3"": 0.1}}","{""0"": 0.6048527331943603, ""1"": 0.20310750469296934, ""2"": 0.12632767070910805, ""3"": 0.0657120914035623}","{""counts"": {""positive_high"": 19, ""positive_low"": 13, ""positive_mid"": 10, ""zero"": 8}, ""shares"": {""positive_high"": 0.38, ""positive_low"": 0.26, ""positive_mid"": 0.2, ""zero"": 0.16}}","{""counts"": {""0"": 8, ""1"": 26, ""2"": 8, ""3"": 8}, ""shares"": {""0"": 0.16, ""1"": 0.52, ""2"": 0.16, ""3"": 0.16}}","{""counts"": {""size_q1"": 15, ""size_q2"": 12, ""size_q3"": 12, ""size_q4"": 11}, ""shares"": {""size_q1"": 0.3, ""size_q2"": 0.24, ""size_q3"": 0.24, ""size_q4"": 0.22}}"
48,100,2,True,24b41b27a8f25d55392ff9d90aab9c62dc5d93101da77e64007fddbba75057a0,1392363,105416,0.0757101416800073,"{""counts"": {""0"": 7, ""1"": 3, ""10"": 2, ""11"": 1, ""12"": 3, ""13"": 11, ""14"": 7, ""15"": 8, ""2"": 9, ""3"": 19, ""4"": 6, ""5"": 6, ""6"": 3, ""7"": 1, ""8"": 5, ""9"": 9}, ""shares"": {""0"": 0.07, ""1"": 0.03, ""10"": 0.02, ""11"": 0.01, ""12"": 0.03, ""13"": 0.11, ""14"": 0.07, ""15"": 0.08, ""2"": 0.09, ""3"": 0.19, ""4"": 0.06, ""5"": 0.06, ""6"": 0.03, ""7"": 0.01, ""8"": 0.05, ""9"": 0.09}}","{""counts"": {""Education"": 45, ""Entertainment/public assembly"": 16, ""Healthcare"": 2, ""Lodging/residential"": 7, ""Manufacturing/industrial"": 1, ""Office"": 15, ""Other"": 1, ""Public services"": 10, ""Services"": 1, ""Utility"": 1, ""Warehouse/storage"": 1}, ""shares"": {""Education"": 0.45, ""Entertainment/public assembly"": 0.16, ""Healthcare"": 0.02, ""Lodging/residential"": 0.07, ""Manufacturing/industrial"": 0.01, ""Office"": 0.15, ""Other"": 0.01, ""Public services"": 0.1, ""Services"": 0.01, ""Utility"": 0.01, ""Warehouse/storage"": 0.01}}","{""counts"": {""0"": 97, ""1"": 32, ""2"": 24, ""3"": 10}, ""shares"": {""0"": 0.97, ""1"": 0.32, ""2"": 0.24, ""3"": 0.1}}","{""0"": 0.5992395661188928, ""1"": 0.1942625594044082, ""2"": 0.14582404157536505, ""3"": 0.06067383290133392}","{""counts"": {""positive_high"": 27, ""positive_low"": 31, ""positive_mid"": 23, ""zero"": 19}, ""shares"": {""positive_high"": 0.27, ""positive_low"": 0.31, ""positive_mid"": 0.23, ""zero"": 0.19}}","{""counts"": {""0"": 19, ""1"": 49, ""2"": 14, ""3"": 17, ""4"": 1}, ""shares"": {""0"": 0.19, ""1"": 0.49, ""2"": 0.14, ""3"": 0.17, ""4"": 0.01}}","{""counts"": {""size_q1"": 28, ""size_q2"": 25, ""size_q3"": 20, ""size_q4"": 27}, ""shares"": {""size_q1"": 0.28, ""size_q2"": 0.25, ""size_q3"": 0.2, ""size_q4"": 0.27}}"
49,10,8,True,b001db0800e3e3817aae9cbf739302e10ff84a9eb4420f654fc05c31ebbb4c41,163280,9829,0.060197207251347376,"{""counts"": {""0"": 1, ""13"": 1, ""14"": 1, ""15"": 1, ""2"": 1, ""3"": 2, ""4"": 1, ""5"": 1, ""9"": 1}, ""shares"": {""0"": 0.1, ""13"": 0.1, ""14"": 0.1, ""15"": 0.1, ""2"": 0.1, ""3"": 0.2, ""4"": 0.1, ""5"": 0.1, ""9"": 0.1}}","{""counts"": {""Education"": 2, ""Entertainment/public assembly"": 5, ""Lodging/residential"": 1, ""Office"": 2}, ""shares"": {""Education"": 0.2, ""Entertainment/public assembly"": 0.5, ""Lodging/residential"": 0.1, ""Office"": 0.2}}","{""counts"": {""0"": 10, ""1"": 4, ""2"": 3, ""3"": 2}, ""shares"": {""0"": 1.0, ""1"": 0.4, ""2"": 0.3, ""3"": 0.2}}","{""0"": 0.52406295933366, ""1"": 0.215078392944635, ""2"": 0.1532704556589907, ""3"": 0.10758819206271436}","{""counts"": {""positive_high"": 2, ""positive_low"": 1, ""positive_mid"": 4, ""zero"": 3}, ""shares"": {""positive_high"": 0.2, ""positive_low"": 0.1, ""positive_mid"": 0.4, ""zero"": 0.3}}","{""counts"": {""0"": 3, ""1"": 3, ""3"": 4}, ""shares"": {""0"": 0.3, ""1"": 0.3, ""3"": 0.4}}","{""counts"": {""size_q1"": 1, ""size_q2"": 3, ""size_q3"": 2, ""size_q4"": 4}, ""shares"": {""size_q1"": 0.1, ""size_q2"": 0.3, ""size_q3"": 0.2, ""size_q4"": 0.4}}"
49,20,8,True,e9adc177bf5f32cf35839b704745ab6541984b564eb9f2b1ae2e55b610981b6f,300640,13190,0.043873070782331026,"{""counts"": {""0"": 1, ""1"": 1, ""12"": 1, ""13"": 2, ""14"": 1, ""15"": 2, ""2"": 2, ""3"": 4, ""4"": 1, ""5"": 1, ""6"": 1, ""8"": 1, ""9"": 2}, ""shares"": {""0"": 0.05, ""1"": 0.05, ""12"": 0.05, ""13"": 0.1, ""14"": 0.05, ""15"": 0.1, ""2"": 0.1, ""3"": 0.2, ""4"": 0.05, ""5"": 0.05, ""6"": 0.05, ""8"": 0.05, ""9"": 0.1}}","{""counts"": {""Education"": 6, ""Entertainment/public assembly"": 8, ""Lodging/residential"": 3, ""Office"": 3}, ""shares"": {""Education"": 0.3, ""Entertainment/public assembly"": 0.4, ""Lodging/residential"": 0.15, ""Office"": 0.15}}","{""counts"": {""0"": 20, ""1"": 5, ""2"": 6, ""3"": 4}, ""shares"": {""0"": 1.0, ""1"": 0.25, ""2"": 0.3, ""3"": 0.2}}","{""0"": 0.5706991750931346, ""1"": 0.1459652740819585, ""2"": 0.16647485364555614, ""3"": 0.11686069717935071}","{""counts"": {""positive_high"": 4, ""positive_low"": 4, ""positive_mid"": 7, ""zero"": 5}, ""shares"": {""positive_high"": 0.2, ""positive_low"": 0.2, ""positive_mid"": 0.35, ""zero"": 0.25}}","{""counts"": {""0"": 5, ""1"": 9, ""2"": 1, ""3"": 5}, ""shares"": {""0"": 0.25, ""1"": 0.45, ""2"": 0.05, ""3"": 0.25}}","{""counts"": {""size_q1"": 5, ""size_q2"": 3, ""size_q3"": 7, ""size_q4"": 5}, ""shares"": {""size_q1"": 0.25, ""size_q2"": 0.15, ""size_q3"": 0.35, ""size_q4"": 0.25}}"
49,50,8,True,bccdbf180ed11396429c6c90d8be3ce978dc7efc92e6cc9a08137505a953591c,702640,45204,0.0643345098485711,"{""counts"": {""0"": 4, ""1"": 2, ""10"": 1, ""12"": 1, ""13"": 5, ""14"": 4, ""15"": 4, ""2"": 5, ""3"": 9, ""4"": 3, ""5"": 3, ""6"": 2, ""7"": 1, ""8"": 2, ""9"": 4}, ""shares"": {""0"": 0.08, ""1"": 0.04, ""10"": 0.02, ""12"": 0.02, ""13"": 0.1, ""14"": 0.08, ""15"": 0.08, ""2"": 0.1, ""3"": 0.18, ""4"": 0.06, ""5"": 0.06, ""6"": 0.04, ""7"": 0.02, ""8"": 0.04, ""9"": 0.08}}","{""counts"": {""Education"": 15, ""Entertainment/public assembly"": 11, ""Lodging/residential"": 8, ""Office"": 9, ""Parking"": 1, ""Public services"": 5, ""Services"": 1}, ""shares"": {""Education"": 0.3, ""Entertainment/public assembly"": 0.22, ""Lodging/residential"": 0.16, ""Office"": 0.18, ""Parking"": 0.02, ""Public services"": 0.1, ""Services"": 0.02}}","{""counts"": {""0"": 49, ""1"": 13, ""2"": 14, ""3"": 6}, ""shares"": {""0"": 0.98, ""1"": 0.26, ""2"": 0.28, ""3"": 0.12}}","{""0"": 0.601806045770238, ""1"": 0.16215985426391893, ""2"": 0.16102983035409313, ""3"": 0.07500426961174997}","{""counts"": {""positive_high"": 9, ""positive_low"": 13, ""positive_mid"": 18, ""zero"": 10}, ""shares"": {""positive_high"": 0.18, ""positive_low"": 0.26, ""positive_mid"": 0.36, ""zero"": 0.2}}","{""counts"": {""0"": 10, ""1"": 26, ""2"": 4, ""3"": 10}, ""shares"": {""0"": 0.2, ""1"": 0.52, ""2"": 0.08, ""3"": 0.2}}","{""counts"": {""size_q1"": 12, ""size_q2"": 12, ""size_q3"": 15, ""size_q4"": 11}, ""shares"": {""size_q1"": 0.24, ""size_q2"": 0.24, ""size_q3"": 0.3, ""size_q4"": 0.22}}"
49,100,8,True,d61f8e91acd1ae575a6308717a083820207722eb5a5477a16b05e00a7f6344b5,1390807,94675,0.06807198985912495,"{""counts"": {""0"": 7, ""1"": 3, ""10"": 2, ""11"": 1, ""12"": 3, ""13"": 11, ""14"": 7, ""15"": 9, ""2"": 9, ""3"": 19, ""4"": 6, ""5"": 6, ""6"": 3, ""7"": 1, ""8"": 5, ""9"": 8}, ""shares"": {""0"": 0.07, ""1"": 0.03, ""10"": 0.02, ""11"": 0.01, ""12"": 0.03, ""13"": 0.11, ""14"": 0.07, ""15"": 0.09, ""2"": 0.09, ""3"": 0.19, ""4"": 0.06, ""5"": 0.06, ""6"": 0.03, ""7"": 0.01, ""8"": 0.05, ""9"": 0.08}}","{""counts"": {""Education"": 35, ""Entertainment/public assembly"": 15, ""Healthcare"": 1, ""Lodging/residential"": 14, ""Office"": 19, ""Other"": 2, ""Parking"": 1, ""Public services"": 11, ""Religious worship"": 1, ""Services"": 1}, ""shares"": {""Education"": 0.35, ""Entertainment/public assembly"": 0.15, ""Healthcare"": 0.01, ""Lodging/residential"": 0.14, ""Office"": 0.19, ""Other"": 0.02, ""Parking"": 0.01, ""Public services"": 0.11, ""Religious worship"": 0.01, ""Services"": 0.01}}","{""counts"": {""0"": 99, ""1"": 32, ""2"": 22, ""3"": 10}, ""shares"": {""0"": 0.99, ""1"": 0.32, ""2"": 0.22, ""3"": 0.1}}","{""0"": 0.6114989355101031, ""1"": 0.1981482693141464, ""2"": 0.1274375236822938, ""3"": 0.06291527149345667}","{""counts"": {""positive_high"": 22, ""positive_low"": 26, ""positive_mid"": 32, ""zero"": 20}, ""shares"": {""positive_high"": 0.22, ""positive_low"": 0.26, ""positive_mid"": 0.32, ""zero"": 0.2}}","{""counts"": {""0"": 20, ""1"": 50, ""2"": 11, ""3"": 19}, ""shares"": {""0"": 0.2, ""1"": 0.5, ""2"": 0.11, ""3"": 0.19}}","{""counts"": {""size_q1"": 25, ""size_q2"": 23, ""size_q3"": 29, ""size_q4"": 23}, ""shares"": {""size_q1"": 0.25, ""size_q2"": 0.23, ""size_q3"": 0.29, ""size_q4"": 0.23}}"
50,10,21,True,ba73f983b60ce68a3b1fea44b2e410d6ab2bc48c52d9e42181cf0f7b98c15f6d,155383,10804,0.06953141592066056,"{""counts"": {""0"": 1, ""13"": 1, ""14"": 1, ""15"": 1, ""2"": 1, ""3"": 2, ""4"": 1, ""5"": 1, ""9"": 1}, ""shares"": {""0"": 0.1, ""13"": 0.1, ""14"": 0.1, ""15"": 0.1, ""2"": 0.1, ""3"": 0.2, ""4"": 0.1, ""5"": 0.1, ""9"": 0.1}}","{""counts"": {""Education"": 3, ""Entertainment/public assembly"": 1, ""Lodging/residential"": 1, ""Office"": 2, ""Public services"": 2, ""Utility"": 1}, ""shares"": {""Education"": 0.3, ""Entertainment/public assembly"": 0.1, ""Lodging/residential"": 0.1, ""Office"": 0.2, ""Public services"": 0.2, ""Utility"": 0.1}}","{""counts"": {""0"": 10, ""1"": 4, ""2"": 2, ""3"": 2}, ""shares"": {""0"": 1.0, ""1"": 0.4, ""2"": 0.2, ""3"": 0.2}}","{""0"": 0.5564701415212733, ""1"": 0.22600284458402786, ""2"": 0.1044837594846283, ""3"": 0.1130432544100706}","{""counts"": {""positive_high"": 2, ""positive_low"": 4, ""positive_mid"": 3, ""zero"": 1}, ""shares"": {""positive_high"": 0.2, ""positive_low"": 0.4, ""positive_mid"": 0.3, ""zero"": 0.1}}","{""counts"": {""0"": 1, ""1"": 6, ""2"": 1, ""3"": 2}, ""shares"": {""0"": 0.1, ""1"": 0.6, ""2"": 0.1, ""3"": 0.2}}","{""counts"": {""size_q1"": 1, ""size_q2"": 3, ""size_q3"": 3, ""size_q4"": 3}, ""shares"": {""size_q1"": 0.1, ""size_q2"": 0.3, ""size_q3"": 0.3, ""size_q4"": 0.3}}"
50,20,21,True,0de8db4b899174eeeb9bbec3cc0c900c2af8ef894ce2d217c5c56f0af2ff9a9f,310344,27499,0.08860812517722269,"{""counts"": {""0"": 1, ""1"": 1, ""12"": 1, ""13"": 2, ""14"": 1, ""15"": 2, ""2"": 2, ""3"": 4, ""4"": 1, ""5"": 1, ""6"": 1, ""8"": 1, ""9"": 2}, ""shares"": {""0"": 0.05, ""1"": 0.05, ""12"": 0.05, ""13"": 0.1, ""14"": 0.05, ""15"": 0.1, ""2"": 0.1, ""3"": 0.2, ""4"": 0.05, ""5"": 0.05, ""6"": 0.05, ""8"": 0.05, ""9"": 0.1}}","{""counts"": {""Education"": 5, ""Entertainment/public assembly"": 2, ""Lodging/residential"": 2, ""Office"": 4, ""Public services"": 5, ""Retail"": 1, ""Utility"": 1}, ""shares"": {""Education"": 0.25, ""Entertainment/public assembly"": 0.1, ""Lodging/residential"": 0.1, ""Office"": 0.2, ""Public services"": 0.25, ""Retail"": 0.05, ""Utility"": 0.05}}","{""counts"": {""0"": 19, ""1"": 7, ""2"": 6, ""3"": 4}, ""shares"": {""0"": 0.95, ""1"": 0.35, ""2"": 0.3, ""3"": 0.2}}","{""0"": 0.527878741009976, ""1"": 0.1980125280334081, ""2"": 0.16091498466218132, ""3"": 0.11319374629443456}","{""counts"": {""positive_high"": 5, ""positive_low"": 6, ""positive_mid"": 6, ""zero"": 3}, ""shares"": {""positive_high"": 0.25, ""positive_low"": 0.3, ""positive_mid"": 0.3, ""zero"": 0.15}}","{""counts"": {""0"": 3, ""1"": 10, ""2"": 2, ""3"": 5}, ""shares"": {""0"": 0.15, ""1"": 0.5, ""2"": 0.1, ""3"": 0.25}}","{""counts"": {""size_q1"": 4, ""size_q2"": 4, ""size_q3"": 6, ""size_q4"": 6}, ""shares"": {""size_q1"": 0.2, ""size_q2"": 0.2, ""size_q3"": 0.3, ""size_q4"": 0.3}}"
50,50,21,True,968938f3ca78207f63542ca5472485d108bef9dd83c89c0bd0a2c6ce53850f7d,753845,56329,0.07472225722794473,"{""counts"": {""0"": 4, ""1"": 2, ""10"": 1, ""12"": 1, ""13"": 5, ""14"": 4, ""15"": 4, ""2"": 5, ""3"": 9, ""4"": 3, ""5"": 3, ""6"": 2, ""7"": 1, ""8"": 2, ""9"": 4}, ""shares"": {""0"": 0.08, ""1"": 0.04, ""10"": 0.02, ""12"": 0.02, ""13"": 0.1, ""14"": 0.08, ""15"": 0.08, ""2"": 0.1, ""3"": 0.18, ""4"": 0.06, ""5"": 0.06, ""6"": 0.04, ""7"": 0.02, ""8"": 0.04, ""9"": 0.08}}","{""counts"": {""Education"": 13, ""Entertainment/public assembly"": 6, ""Healthcare"": 1, ""Lodging/residential"": 5, ""Office"": 9, ""Other"": 2, ""Public services"": 10, ""Retail"": 3, ""Utility"": 1}, ""shares"": {""Education"": 0.26, ""Entertainment/public assembly"": 0.12, ""Healthcare"": 0.02, ""Lodging/residential"": 0.1, ""Office"": 0.18, ""Other"": 0.04, ""Public services"": 0.2, ""Retail"": 0.06, ""Utility"": 0.02}}","{""counts"": {""0"": 49, ""1"": 19, ""2"": 13, ""3"": 7}, ""shares"": {""0"": 0.98, ""1"": 0.38, ""2"": 0.26, ""3"": 0.14}}","{""0"": 0.5626421877176343, ""1"": 0.20975001492349224, ""2"": 0.14605389702127095, ""3"": 0.08155390033760256}","{""counts"": {""positive_high"": 13, ""positive_low"": 13, ""positive_mid"": 15, ""zero"": 9}, ""shares"": {""positive_high"": 0.26, ""positive_low"": 0.26, ""positive_mid"": 0.3, ""zero"": 0.18}}","{""counts"": {""0"": 9, ""1"": 23, ""2"": 7, ""3"": 11}, ""shares"": {""0"": 0.18, ""1"": 0.46, ""2"": 0.14, ""3"": 0.22}}","{""counts"": {""size_q1"": 9, ""size_q2"": 11, ""size_q3"": 16, ""size_q4"": 14}, ""shares"": {""size_q1"": 0.18, ""size_q2"": 0.22, ""size_q3"": 0.32, ""size_q4"": 0.28}}"
50,100,21,True,70ab2c83d5fb66c3143a2221a3753caff8f61fbd8d6d9cf7e2c9f710e1fce258,1428770,95740,0.06700868579267481,"{""counts"": {""0"": 7, ""1"": 3, ""10"": 2, ""11"": 1, ""12"": 3, ""13"": 11, ""14"": 7, ""15"": 9, ""2"": 9, ""3"": 19, ""4"": 6, ""5"": 6, ""6"": 3, ""7"": 1, ""8"": 5, ""9"": 8}, ""shares"": {""0"": 0.07, ""1"": 0.03, ""10"": 0.02, ""11"": 0.01, ""12"": 0.03, ""13"": 0.11, ""14"": 0.07, ""15"": 0.09, ""2"": 0.09, ""3"": 0.19, ""4"": 0.06, ""5"": 0.06, ""6"": 0.03, ""7"": 0.01, ""8"": 0.05, ""9"": 0.08}}","{""counts"": {""Education"": 31, ""Entertainment/public assembly"": 16, ""Healthcare"": 2, ""Lodging/residential"": 9, ""Manufacturing/industrial"": 1, ""Office"": 19, ""Other"": 2, ""Public services"": 14, ""Retail"": 3, ""Services"": 1, ""Utility"": 1, ""Warehouse/storage"": 1}, ""shares"": {""Education"": 0.31, ""Entertainment/public assembly"": 0.16, ""Healthcare"": 0.02, ""Lodging/residential"": 0.09, ""Manufacturing/industrial"": 0.01, ""Office"": 0.19, ""Other"": 0.02, ""Public services"": 0.14, ""Retail"": 0.03, ""Services"": 0.01, ""Utility"": 0.01, ""Warehouse/storage"": 0.01}}","{""counts"": {""0"": 99, ""1"": 36, ""2"": 23, ""3"": 10}, ""shares"": {""0"": 0.99, ""1"": 0.36, ""2"": 0.23, ""3"": 0.1}}","{""0"": 0.5932361401765155, ""1"": 0.21021438020115205, ""2"": 0.13508122370990433, ""3"": 0.061468255912428174}","{""counts"": {""positive_high"": 25, ""positive_low"": 29, ""positive_mid"": 27, ""zero"": 19}, ""shares"": {""positive_high"": 0.25, ""positive_low"": 0.29, ""positive_mid"": 0.27, ""zero"": 0.19}}","{""counts"": {""0"": 19, ""1"": 48, ""2"": 15, ""3"": 18}, ""shares"": {""0"": 0.19, ""1"": 0.48, ""2"": 0.15, ""3"": 0.18}}","{""counts"": {""size_q1"": 24, ""size_q2"": 19, ""size_q3"": 31, ""size_q4"": 26}, ""shares"": {""size_q1"": 0.24, ""size_q2"": 0.19, ""size_q3"": 0.31, ""size_q4"": 0.26}}"
51,10,3,True,797f377f4167bad7a236327db1eb9581c5a9d9bc72a97c8066a0360cadf303ca,163622,11351,0.06937331165735659,"{""counts"": {""0"": 1, ""13"": 1, ""14"": 1, ""15"": 1, ""2"": 1, ""3"": 2, ""4"": 1, ""5"": 1, ""9"": 1}, ""shares"": {""0"": 0.1, ""13"": 0.1, ""14"": 0.1, ""15"": 0.1, ""2"": 0.1, ""3"": 0.2, ""4"": 0.1, ""5"": 0.1, ""9"": 0.1}}","{""counts"": {""Education"": 4, ""Entertainment/public assembly"": 2, ""Lodging/residential"": 1, ""Office"": 2, ""Public services"": 1}, ""shares"": {""Education"": 0.4, ""Entertainment/public assembly"": 0.2, ""Lodging/residential"": 0.1, ""Office"": 0.2, ""Public services"": 0.1}}","{""counts"": {""0"": 10, ""1"": 5, ""2"": 2, ""3"": 2}, ""shares"": {""0"": 1.0, ""1"": 0.5, ""2"": 0.2, ""3"": 0.2}}","{""0"": 0.5284436078277982, ""1"": 0.2570253388908582, ""2"": 0.10729608487856156, ""3"": 0.10723496840278202}","{""counts"": {""positive_high"": 3, ""positive_mid"": 4, ""zero"": 3}, ""shares"": {""positive_high"": 0.3, ""positive_mid"": 0.4, ""zero"": 0.3}}","{""counts"": {""0"": 3, ""1"": 2, ""2"": 2, ""3"": 2, ""4"": 1}, ""shares"": {""0"": 0.3, ""1"": 0.2, ""2"": 0.2, ""3"": 0.2, ""4"": 0.1}}","{""counts"": {""size_q1"": 3, ""size_q2"": 1, ""size_q3"": 3, ""size_q4"": 3}, ""shares"": {""size_q1"": 0.3, ""size_q2"": 0.1, ""size_q3"": 0.3, ""size_q4"": 0.3}}"
51,20,3,True,d2256dbdbd6441351f41a892a4eae04ba9af8f2a7af7b0dcf0a3d583a508471d,277947,13799,0.04964615556203161,"{""counts"": {""0"": 1, ""1"": 1, ""12"": 1, ""13"": 2, ""14"": 1, ""15"": 2, ""2"": 2, ""3"": 4, ""4"": 1, ""5"": 1, ""6"": 1, ""8"": 1, ""9"": 2}, ""shares"": {""0"": 0.05, ""1"": 0.05, ""12"": 0.05, ""13"": 0.1, ""14"": 0.05, ""15"": 0.1, ""2"": 0.1, ""3"": 0.2, ""4"": 0.05, ""5"": 0.05, ""6"": 0.05, ""8"": 0.05, ""9"": 0.1}}","{""counts"": {""Education"": 9, ""Entertainment/public assembly"": 2, ""Lodging/residential"": 1, ""Office"": 4, ""Public services"": 3, ""Services"": 1}, ""shares"": {""Education"": 0.45, ""Entertainment/public assembly"": 0.1, ""Lodging/residential"": 0.05, ""Office"": 0.2, ""Public services"": 0.15, ""Services"": 0.05}}","{""counts"": {""0"": 19, ""1"": 7, ""2"": 4, ""3"": 3}, ""shares"": {""0"": 0.95, ""1"": 0.35, ""2"": 0.2, ""3"": 0.15}}","{""0"": 0.5743325166308685, ""1"": 0.20928810168845138, ""2"": 0.12164909137353525, ""3"": 0.09473029030714489}","{""counts"": {""positive_high"": 4, ""positive_low"": 5, ""positive_mid"": 6, ""zero"": 5}, ""shares"": {""positive_high"": 0.2, ""positive_low"": 0.25, ""positive_mid"": 0.3, ""zero"": 0.25}}","{""counts"": {""0"": 5, ""1"": 8, ""2"": 4, ""3"": 2, ""4"": 1}, ""shares"": {""0"": 0.25, ""1"": 0.4, ""2"": 0.2, ""3"": 0.1, ""4"": 0.05}}","{""counts"": {""size_q1"": 8, ""size_q2"": 3, ""size_q3"": 4, ""size_q4"": 5}, ""shares"": {""size_q1"": 0.4, ""size_q2"": 0.15, ""size_q3"": 0.2, ""size_q4"": 0.25}}"
51,50,3,True,d867c4fa4dfd6a276ec68211952ecddb7fe6cbf5a41ef1605ec9bae60d2ec80c,671779,39285,0.0584790533791619,"{""counts"": {""0"": 4, ""1"": 2, ""10"": 1, ""12"": 1, ""13"": 5, ""14"": 4, ""15"": 4, ""2"": 5, ""3"": 9, ""4"": 3, ""5"": 3, ""6"": 2, ""7"": 1, ""8"": 2, ""9"": 4}, ""shares"": {""0"": 0.08, ""1"": 0.04, ""10"": 0.02, ""12"": 0.02, ""13"": 0.1, ""14"": 0.08, ""15"": 0.08, ""2"": 0.1, ""3"": 0.18, ""4"": 0.06, ""5"": 0.06, ""6"": 0.04, ""7"": 0.02, ""8"": 0.04, ""9"": 0.08}}","{""counts"": {""Education"": 21, ""Entertainment/public assembly"": 6, ""Healthcare"": 1, ""Lodging/residential"": 3, ""Manufacturing/industrial"": 1, ""Office"": 10, ""Public services"": 6, ""Services"": 1, ""Warehouse/storage"": 1}, ""shares"": {""Education"": 0.42, ""Entertainment/public assembly"": 0.12, ""Healthcare"": 0.02, ""Lodging/residential"": 0.06, ""Manufacturing/industrial"": 0.02, ""Office"": 0.2, ""Public services"": 0.12, ""Services"": 0.02, ""Warehouse/storage"": 0.02}}","{""counts"": {""0"": 47, ""1"": 18, ""2"": 8, ""3"": 6}, ""shares"": {""0"": 0.94, ""1"": 0.36, ""2"": 0.16, ""3"": 0.12}}","{""0"": 0.5953967004029599, ""1"": 0.2238370059201017, ""2"": 0.10234466989888044, ""3"": 0.07842162377805796}","{""counts"": {""positive_high"": 12, ""positive_low"": 13, ""positive_mid"": 13, ""zero"": 12}, ""shares"": {""positive_high"": 0.24, ""positive_low"": 0.26, ""positive_mid"": 0.26, ""zero"": 0.24}}","{""counts"": {""0"": 12, ""1"": 21, ""2"": 9, ""3"": 7, ""4"": 1}, ""shares"": {""0"": 0.24, ""1"": 0.42, ""2"": 0.18, ""3"": 0.14, ""4"": 0.02}}","{""counts"": {""size_q1"": 19, ""size_q2"": 9, ""size_q3"": 11, ""size_q4"": 11}, ""shares"": {""size_q1"": 0.38, ""size_q2"": 0.18, ""size_q3"": 0.22, ""size_q4"": 0.22}}"
51,100,3,True,f1b28facfbdab05b9bb511ade60101a248cafe0bc86fad9791028676c6cb5ba4,1352459,97175,0.07185060693152251,"{""counts"": {""0"": 7, ""1"": 3, ""10"": 2, ""11"": 1, ""12"": 3, ""13"": 11, ""14"": 7, ""15"": 9, ""2"": 9, ""3"": 19, ""4"": 6, ""5"": 6, ""6"": 3, ""7"": 1, ""8"": 5, ""9"": 8}, ""shares"": {""0"": 0.07, ""1"": 0.03, ""10"": 0.02, ""11"": 0.01, ""12"": 0.03, ""13"": 0.11, ""14"": 0.07, ""15"": 0.09, ""2"": 0.09, ""3"": 0.19, ""4"": 0.06, ""5"": 0.06, ""6"": 0.03, ""7"": 0.01, ""8"": 0.05, ""9"": 0.08}}","{""counts"": {""Education"": 37, ""Entertainment/public assembly"": 13, ""Healthcare"": 1, ""Lodging/residential"": 9, ""Manufacturing/industrial"": 1, ""Office"": 19, ""Other"": 1, ""Parking"": 1, ""Public services"": 14, ""Retail"": 1, ""Services"": 2, ""Warehouse/storage"": 1}, ""shares"": {""Education"": 0.37, ""Entertainment/public assembly"": 0.13, ""Healthcare"": 0.01, ""Lodging/residential"": 0.09, ""Manufacturing/industrial"": 0.01, ""Office"": 0.19, ""Other"": 0.01, ""Parking"": 0.01, ""Public services"": 0.14, ""Retail"": 0.01, ""Services"": 0.02, ""Warehouse/storage"": 0.01}}","{""counts"": {""0"": 97, ""1"": 35, ""2"": 18, ""3"": 11}, ""shares"": {""0"": 0.97, ""1"": 0.35, ""2"": 0.18, ""3"": 0.11}}","{""0"": 0.6086528316200344, ""1"": 0.2122452510575182, ""2"": 0.10793007403551605, ""3"": 0.07117184328693144}","{""counts"": {""positive_high"": 28, ""positive_low"": 26, ""positive_mid"": 25, ""zero"": 21}, ""shares"": {""positive_high"": 0.28, ""positive_low"": 0.26, ""positive_mid"": 0.25, ""zero"": 0.21}}","{""counts"": {""0"": 21, ""1"": 48, ""2"": 18, ""3"": 11, ""4"": 2}, ""shares"": {""0"": 0.21, ""1"": 0.48, ""2"": 0.18, ""3"": 0.11, ""4"": 0.02}}","{""counts"": {""size_q1"": 31, ""size_q2"": 21, ""size_q3"": 25, ""size_q4"": 23}, ""shares"": {""size_q1"": 0.31, ""size_q2"": 0.21, ""size_q3"": 0.25, ""size_q4"": 0.23}}"
