meter_id,meter,model,context_rows,regime_id,regime,anomaly_count,baseline_detected_count,f1_detected_count,threshold
0,Electricity,tabpfn,5000,0,0–1,291780,289869,283646,0.8255102634429932
0,Electricity,tabpfn,5000,1,1–10,6638,5459,4784,0.8255102634429932
0,Electricity,tabpfn,5000,2,10–100,30988,26503,22395,0.8255102634429932
0,Electricity,tabpfn,5000,3,100–1k,26550,23929,20334,0.8255102634429932
0,Electricity,tabpfn,5000,4,1k–10k,694,541,339,0.8255102634429932
0,Electricity,tabpfn,5000,5,10k–100k,29,29,7,0.8255102634429932
0,Electricity,tabpfn,5000,6,100k–300k,0,0,0,0.8255102634429932
0,Electricity,tabpfn,5000,7,≥300k,0,0,0,0.8255102634429932
0,Electricity,tabpfn,10000,0,0–1,291780,289949,280262,0.8334100246429443
0,Electricity,tabpfn,10000,1,1–10,6638,5509,4945,0.8334100246429443
0,Electricity,tabpfn,10000,2,10–100,30988,26601,22648,0.8334100246429443
0,Electricity,tabpfn,10000,3,100–1k,26550,24393,18763,0.8334100246429443
0,Electricity,tabpfn,10000,4,1k–10k,694,621,432,0.8334100246429443
0,Electricity,tabpfn,10000,5,10k–100k,29,29,22,0.8334100246429443
0,Electricity,tabpfn,10000,6,100k–300k,0,0,0,0.8334100246429443
0,Electricity,tabpfn,10000,7,≥300k,0,0,0,0.8334100246429443
0,Electricity,tabpfn,20000,0,0–1,291780,290155,282287,0.790613055229187
0,Electricity,tabpfn,20000,1,1–10,6638,5519,4985,0.790613055229187
0,Electricity,tabpfn,20000,2,10–100,30988,27379,24548,0.790613055229187
0,Electricity,tabpfn,20000,3,100–1k,26550,23159,19439,0.790613055229187
0,Electricity,tabpfn,20000,4,1k–10k,694,584,473,0.790613055229187
0,Electricity,tabpfn,20000,5,10k–100k,29,28,22,0.790613055229187
0,Electricity,tabpfn,20000,6,100k–300k,0,0,0,0.790613055229187
0,Electricity,tabpfn,20000,7,≥300k,0,0,0,0.790613055229187
0,Electricity,tabpfn,50000,0,0–1,291780,287565,279394,0.8175170421600342
0,Electricity,tabpfn,50000,1,1–10,6638,5512,4881,0.8175170421600342
0,Electricity,tabpfn,50000,2,10–100,30988,28204,25461,0.8175170421600342
0,Electricity,tabpfn,50000,3,100–1k,26550,23609,19684,0.8175170421600342
0,Electricity,tabpfn,50000,4,1k–10k,694,575,425,0.8175170421600342
0,Electricity,tabpfn,50000,5,10k–100k,29,29,27,0.8175170421600342
0,Electricity,tabpfn,50000,6,100k–300k,0,0,0,0.8175170421600342
0,Electricity,tabpfn,50000,7,≥300k,0,0,0,0.8175170421600342
0,Electricity,tabpfn,100000,0,0–1,291780,286668,282977,0.6683069467544556
0,Electricity,tabpfn,100000,1,1–10,6638,5461,5147,0.6683069467544556
0,Electricity,tabpfn,100000,2,10–100,30988,28029,26964,0.6683069467544556
0,Electricity,tabpfn,100000,3,100–1k,26550,23523,21765,0.6683069467544556
0,Electricity,tabpfn,100000,4,1k–10k,694,535,458,0.6683069467544556
0,Electricity,tabpfn,100000,5,10k–100k,29,29,29,0.6683069467544556
0,Electricity,tabpfn,100000,6,100k–300k,0,0,0,0.6683069467544556
0,Electricity,tabpfn,100000,7,≥300k,0,0,0,0.6683069467544556
0,Electricity,trees,5000,0,0–1,291780,291561,290564,0.8843597769737244
0,Electricity,trees,5000,1,1–10,6638,5018,3788,0.8843597769737244
0,Electricity,trees,5000,2,10–100,30988,26726,23532,0.8843597769737244
0,Electricity,trees,5000,3,100–1k,26550,23589,21274,0.8843597769737244
0,Electricity,trees,5000,4,1k–10k,694,485,365,0.8843597769737244
0,Electricity,trees,5000,5,10k–100k,29,28,12,0.8843597769737244
0,Electricity,trees,5000,6,100k–300k,0,0,0,0.8843597769737244
0,Electricity,trees,5000,7,≥300k,0,0,0,0.8843597769737244
0,Electricity,trees,10000,0,0–1,291780,291588,291108,0.8506138324737549
0,Electricity,trees,10000,1,1–10,6638,5171,4155,0.8506138324737549
0,Electricity,trees,10000,2,10–100,30988,27016,23774,0.8506138324737549
0,Electricity,trees,10000,3,100–1k,26550,24148,21909,0.8506138324737549
0,Electricity,trees,10000,4,1k–10k,694,562,448,0.8506138324737549
0,Electricity,trees,10000,5,10k–100k,29,28,24,0.8506138324737549
0,Electricity,trees,10000,6,100k–300k,0,0,0,0.8506138324737549
0,Electricity,trees,10000,7,≥300k,0,0,0,0.8506138324737549
0,Electricity,trees,20000,0,0–1,291780,291608,291123,0.8519443273544312
0,Electricity,trees,20000,1,1–10,6638,5185,4343,0.8519443273544312
0,Electricity,trees,20000,2,10–100,30988,27704,24594,0.8519443273544312
0,Electricity,trees,20000,3,100–1k,26550,24453,21975,0.8519443273544312
0,Electricity,trees,20000,4,1k–10k,694,568,472,0.8519443273544312
0,Electricity,trees,20000,5,10k–100k,29,29,26,0.8519443273544312
0,Electricity,trees,20000,6,100k–300k,0,0,0,0.8519443273544312
0,Electricity,trees,20000,7,≥300k,0,0,0,0.8519443273544312
0,Electricity,trees,50000,0,0–1,291780,291641,291261,0.8792746663093567
0,Electricity,trees,50000,1,1–10,6638,5462,4449,0.8792746663093567
0,Electricity,trees,50000,2,10–100,30988,28396,24620,0.8792746663093567
0,Electricity,trees,50000,3,100–1k,26550,24972,22100,0.8792746663093567
0,Electricity,trees,50000,4,1k–10k,694,581,462,0.8792746663093567
0,Electricity,trees,50000,5,10k–100k,29,29,28,0.8792746663093567
0,Electricity,trees,50000,6,100k–300k,0,0,0,0.8792746663093567
0,Electricity,trees,50000,7,≥300k,0,0,0,0.8792746663093567
0,Electricity,trees,100000,0,0–1,291780,291644,290721,0.9449846744537354
0,Electricity,trees,100000,1,1–10,6638,5430,3841,0.9449846744537354
0,Electricity,trees,100000,2,10–100,30988,28556,22289,0.9449846744537354
0,Electricity,trees,100000,3,100–1k,26550,25057,18796,0.9449846744537354
0,Electricity,trees,100000,4,1k–10k,694,570,346,0.9449846744537354
0,Electricity,trees,100000,5,10k–100k,29,29,26,0.9449846744537354
0,Electricity,trees,100000,6,100k–300k,0,0,0,0.9449846744537354
0,Electricity,trees,100000,7,≥300k,0,0,0,0.9449846744537354
1,Chilledwater,tabpfn,5000,0,0–1,126948,126487,115904,0.8903838396072388
1,Chilledwater,tabpfn,5000,1,1–10,567,209,65,0.8903838396072388
1,Chilledwater,tabpfn,5000,2,10–100,2371,1393,1044,0.8903838396072388
1,Chilledwater,tabpfn,5000,3,100–1k,8544,7463,6093,0.8903838396072388
1,Chilledwater,tabpfn,5000,4,1k–10k,2549,2191,1570,0.8903838396072388
1,Chilledwater,tabpfn,5000,5,10k–100k,159,157,75,0.8903838396072388
1,Chilledwater,tabpfn,5000,6,100k–300k,1,1,0,0.8903838396072388
1,Chilledwater,tabpfn,5000,7,≥300k,0,0,0,0.8903838396072388
1,Chilledwater,tabpfn,10000,0,0–1,126948,126487,103250,0.9144227504730225
1,Chilledwater,tabpfn,10000,1,1–10,567,234,63,0.9144227504730225
1,Chilledwater,tabpfn,10000,2,10–100,2371,1408,1037,0.9144227504730225
1,Chilledwater,tabpfn,10000,3,100–1k,8544,7594,5836,0.9144227504730225
1,Chilledwater,tabpfn,10000,4,1k–10k,2549,2319,1695,0.9144227504730225
1,Chilledwater,tabpfn,10000,5,10k–100k,159,159,98,0.9144227504730225
1,Chilledwater,tabpfn,10000,6,100k–300k,1,1,0,0.9144227504730225
1,Chilledwater,tabpfn,10000,7,≥300k,0,0,0,0.9144227504730225
1,Chilledwater,tabpfn,20000,0,0–1,126948,124973,104097,0.9121648073196411
1,Chilledwater,tabpfn,20000,1,1–10,567,248,70,0.9121648073196411
1,Chilledwater,tabpfn,20000,2,10–100,2371,1526,1072,0.9121648073196411
1,Chilledwater,tabpfn,20000,3,100–1k,8544,7706,5171,0.9121648073196411
1,Chilledwater,tabpfn,20000,4,1k–10k,2549,2328,1829,0.9121648073196411
1,Chilledwater,tabpfn,20000,5,10k–100k,159,159,98,0.9121648073196411
1,Chilledwater,tabpfn,20000,6,100k–300k,1,1,1,0.9121648073196411
1,Chilledwater,tabpfn,20000,7,≥300k,0,0,0,0.9121648073196411
1,Chilledwater,tabpfn,50000,0,0–1,126948,124573,100685,0.9140154123306274
1,Chilledwater,tabpfn,50000,1,1–10,567,315,135,0.9140154123306274
1,Chilledwater,tabpfn,50000,2,10–100,2371,1622,1184,0.9140154123306274
1,Chilledwater,tabpfn,50000,3,100–1k,8544,7807,5721,0.9140154123306274
1,Chilledwater,tabpfn,50000,4,1k–10k,2549,2354,2048,0.9140154123306274
1,Chilledwater,tabpfn,50000,5,10k–100k,159,159,141,0.9140154123306274
1,Chilledwater,tabpfn,50000,6,100k–300k,1,1,1,0.9140154123306274
1,Chilledwater,tabpfn,50000,7,≥300k,0,0,0,0.9140154123306274
1,Chilledwater,tabpfn,100000,0,0–1,126948,124205,98021,0.9133889675140381
1,Chilledwater,tabpfn,100000,1,1–10,567,300,122,0.9133889675140381
1,Chilledwater,tabpfn,100000,2,10–100,2371,1594,1120,0.9133889675140381
1,Chilledwater,tabpfn,100000,3,100–1k,8544,7844,6313,0.9133889675140381
1,Chilledwater,tabpfn,100000,4,1k–10k,2549,2390,2055,0.9133889675140381
1,Chilledwater,tabpfn,100000,5,10k–100k,159,159,123,0.9133889675140381
1,Chilledwater,tabpfn,100000,6,100k–300k,1,1,1,0.9133889675140381
1,Chilledwater,tabpfn,100000,7,≥300k,0,0,0,0.9133889675140381
1,Chilledwater,trees,5000,0,0–1,126948,126257,118018,0.8970602750778198
1,Chilledwater,trees,5000,1,1–10,567,216,72,0.8970602750778198
1,Chilledwater,trees,5000,2,10–100,2371,1392,1128,0.8970602750778198
1,Chilledwater,trees,5000,3,100–1k,8544,7304,6469,0.8970602750778198
1,Chilledwater,trees,5000,4,1k–10k,2549,2072,1675,0.8970602750778198
1,Chilledwater,trees,5000,5,10k–100k,159,145,118,0.8970602750778198
1,Chilledwater,trees,5000,6,100k–300k,1,1,0,0.8970602750778198
1,Chilledwater,trees,5000,7,≥300k,0,0,0,0.8970602750778198
1,Chilledwater,trees,10000,0,0–1,126948,125079,99096,0.9465453624725342
1,Chilledwater,trees,10000,1,1–10,567,262,70,0.9465453624725342
1,Chilledwater,trees,10000,2,10–100,2371,1490,1081,0.9465453624725342
1,Chilledwater,trees,10000,3,100–1k,8544,7573,6301,0.9465453624725342
1,Chilledwater,trees,10000,4,1k–10k,2549,2231,1641,0.9465453624725342
1,Chilledwater,trees,10000,5,10k–100k,159,156,133,0.9465453624725342
1,Chilledwater,trees,10000,6,100k–300k,1,1,1,0.9465453624725342
1,Chilledwater,trees,10000,7,≥300k,0,0,0,0.9465453624725342
1,Chilledwater,trees,20000,0,0–1,126948,124720,107673,0.8962291479110718
1,Chilledwater,trees,20000,1,1–10,567,290,96,0.8962291479110718
1,Chilledwater,trees,20000,2,10–100,2371,1555,1249,0.8962291479110718
1,Chilledwater,trees,20000,3,100–1k,8544,7727,6904,0.8962291479110718
1,Chilledwater,trees,20000,4,1k–10k,2549,2282,1949,0.8962291479110718
1,Chilledwater,trees,20000,5,10k–100k,159,158,147,0.8962291479110718
1,Chilledwater,trees,20000,6,100k–300k,1,1,1,0.8962291479110718
1,Chilledwater,trees,20000,7,≥300k,0,0,0,0.8962291479110718
1,Chilledwater,trees,50000,0,0–1,126948,125750,104616,0.9207515120506287
1,Chilledwater,trees,50000,1,1–10,567,346,99,0.9207515120506287
1,Chilledwater,trees,50000,2,10–100,2371,1650,1246,0.9207515120506287
1,Chilledwater,trees,50000,3,100–1k,8544,7837,6824,0.9207515120506287
1,Chilledwater,trees,50000,4,1k–10k,2549,2330,1950,0.9207515120506287
1,Chilledwater,trees,50000,5,10k–100k,159,158,143,0.9207515120506287
1,Chilledwater,trees,50000,6,100k–300k,1,1,1,0.9207515120506287
1,Chilledwater,trees,50000,7,≥300k,0,0,0,0.9207515120506287
1,Chilledwater,trees,100000,0,0–1,126948,125409,102315,0.9200989603996277
1,Chilledwater,trees,100000,1,1–10,567,305,107,0.9200989603996277
1,Chilledwater,trees,100000,2,10–100,2371,1640,1280,0.9200989603996277
1,Chilledwater,trees,100000,3,100–1k,8544,7841,7018,0.9200989603996277
1,Chilledwater,trees,100000,4,1k–10k,2549,2360,1966,0.9200989603996277
1,Chilledwater,trees,100000,5,10k–100k,159,158,144,0.9200989603996277
1,Chilledwater,trees,100000,6,100k–300k,1,1,1,0.9200989603996277
1,Chilledwater,trees,100000,7,≥300k,0,0,0,0.9200989603996277
2,Steam,tabpfn,5000,0,0–1,38400,37547,34034,0.8732237815856934
2,Steam,tabpfn,5000,1,1–10,250,63,2,0.8732237815856934
2,Steam,tabpfn,5000,2,10–100,1215,285,141,0.8732237815856934
2,Steam,tabpfn,5000,3,100–1k,4143,3140,2216,0.8732237815856934
2,Steam,tabpfn,5000,4,1k–10k,1418,1154,734,0.8732237815856934
2,Steam,tabpfn,5000,5,10k–100k,197,46,14,0.8732237815856934
2,Steam,tabpfn,5000,6,100k–300k,70,1,0,0.8732237815856934
2,Steam,tabpfn,5000,7,≥300k,3195,1,0,0.8732237815856934
2,Steam,tabpfn,10000,0,0–1,38400,37542,32343,0.9106889963150024
2,Steam,tabpfn,10000,1,1–10,250,87,0,0.9106889963150024
2,Steam,tabpfn,10000,2,10–100,1215,325,134,0.9106889963150024
2,Steam,tabpfn,10000,3,100–1k,4143,3208,2269,0.9106889963150024
2,Steam,tabpfn,10000,4,1k–10k,1418,1184,757,0.9106889963150024
2,Steam,tabpfn,10000,5,10k–100k,197,56,18,0.9106889963150024
2,Steam,tabpfn,10000,6,100k–300k,70,5,0,0.9106889963150024
2,Steam,tabpfn,10000,7,≥300k,3195,40,0,0.9106889963150024
2,Steam,tabpfn,20000,0,0–1,38400,37637,32270,0.9131615161895752
2,Steam,tabpfn,20000,1,1–10,250,110,6,0.9131615161895752
2,Steam,tabpfn,20000,2,10–100,1215,420,181,0.9131615161895752
2,Steam,tabpfn,20000,3,100–1k,4143,3377,2496,0.9131615161895752
2,Steam,tabpfn,20000,4,1k–10k,1418,1214,858,0.9131615161895752
2,Steam,tabpfn,20000,5,10k–100k,197,50,18,0.9131615161895752
2,Steam,tabpfn,20000,6,100k–300k,70,7,0,0.9131615161895752
2,Steam,tabpfn,20000,7,≥300k,3195,86,0,0.9131615161895752
2,Steam,tabpfn,50000,0,0–1,38400,37589,33991,0.8948761224746704
2,Steam,tabpfn,50000,1,1–10,250,134,29,0.8948761224746704
2,Steam,tabpfn,50000,2,10–100,1215,543,297,0.8948761224746704
2,Steam,tabpfn,50000,3,100–1k,4143,3473,2809,0.8948761224746704
2,Steam,tabpfn,50000,4,1k–10k,1418,1233,982,0.8948761224746704
2,Steam,tabpfn,50000,5,10k–100k,197,65,37,0.8948761224746704
2,Steam,tabpfn,50000,6,100k–300k,70,13,0,0.8948761224746704
2,Steam,tabpfn,50000,7,≥300k,3195,130,0,0.8948761224746704
2,Steam,tabpfn,100000,0,0–1,38400,37420,34677,0.84783935546875
2,Steam,tabpfn,100000,1,1–10,250,126,41,0.84783935546875
2,Steam,tabpfn,100000,2,10–100,1215,558,377,0.84783935546875
2,Steam,tabpfn,100000,3,100–1k,4143,3546,3018,0.84783935546875
2,Steam,tabpfn,100000,4,1k–10k,1418,1232,1037,0.84783935546875
2,Steam,tabpfn,100000,5,10k–100k,197,82,39,0.84783935546875
2,Steam,tabpfn,100000,6,100k–300k,70,28,1,0.84783935546875
2,Steam,tabpfn,100000,7,≥300k,3195,192,2,0.84783935546875
2,Steam,trees,5000,0,0–1,38400,37852,31495,0.9398916959762573
2,Steam,trees,5000,1,1–10,250,32,0,0.9398916959762573
2,Steam,trees,5000,2,10–100,1215,279,104,0.9398916959762573
2,Steam,trees,5000,3,100–1k,4143,3065,2128,0.9398916959762573
2,Steam,trees,5000,4,1k–10k,1418,1092,558,0.9398916959762573
2,Steam,trees,5000,5,10k–100k,197,37,12,0.9398916959762573
2,Steam,trees,5000,6,100k–300k,70,0,0,0.9398916959762573
2,Steam,trees,5000,7,≥300k,3195,2,0,0.9398916959762573
2,Steam,trees,10000,0,0–1,38400,37647,33608,0.9024956226348877
2,Steam,trees,10000,1,1–10,250,43,0,0.9024956226348877
2,Steam,trees,10000,2,10–100,1215,342,144,0.9024956226348877
2,Steam,trees,10000,3,100–1k,4143,3271,2449,0.9024956226348877
2,Steam,trees,10000,4,1k–10k,1418,1170,827,0.9024956226348877
2,Steam,trees,10000,5,10k–100k,197,49,30,0.9024956226348877
2,Steam,trees,10000,6,100k–300k,70,2,0,0.9024956226348877
2,Steam,trees,10000,7,≥300k,3195,10,0,0.9024956226348877
2,Steam,trees,20000,0,0–1,38400,37544,34205,0.8634533882141113
2,Steam,trees,20000,1,1–10,250,52,2,0.8634533882141113
2,Steam,trees,20000,2,10–100,1215,405,226,0.8634533882141113
2,Steam,trees,20000,3,100–1k,4143,3414,2802,0.8634533882141113
2,Steam,trees,20000,4,1k–10k,1418,1196,955,0.8634533882141113
2,Steam,trees,20000,5,10k–100k,197,51,37,0.8634533882141113
2,Steam,trees,20000,6,100k–300k,70,1,0,0.8634533882141113
2,Steam,trees,20000,7,≥300k,3195,34,3,0.8634533882141113
2,Steam,trees,50000,0,0–1,38400,37343,35957,0.7398369312286377
2,Steam,trees,50000,1,1–10,250,70,10,0.7398369312286377
2,Steam,trees,50000,2,10–100,1215,510,396,0.7398369312286377
2,Steam,trees,50000,3,100–1k,4143,3465,3199,0.7398369312286377
2,Steam,trees,50000,4,1k–10k,1418,1213,1140,0.7398369312286377
2,Steam,trees,50000,5,10k–100k,197,52,47,0.7398369312286377
2,Steam,trees,50000,6,100k–300k,70,2,0,0.7398369312286377
2,Steam,trees,50000,7,≥300k,3195,63,14,0.7398369312286377
2,Steam,trees,100000,0,0–1,38400,37274,28336,0.9072009325027466
2,Steam,trees,100000,1,1–10,250,58,0,0.9072009325027466
2,Steam,trees,100000,2,10–100,1215,505,273,0.9072009325027466
2,Steam,trees,100000,3,100–1k,4143,3528,2669,0.9072009325027466
2,Steam,trees,100000,4,1k–10k,1418,1215,846,0.9072009325027466
2,Steam,trees,100000,5,10k–100k,197,51,36,0.9072009325027466
2,Steam,trees,100000,6,100k–300k,70,1,0,0.9072009325027466
2,Steam,trees,100000,7,≥300k,3195,72,5,0.9072009325027466
3,Hotwater,tabpfn,5000,0,0–1,86220,79766,72138,0.8632552623748779
3,Hotwater,tabpfn,5000,1,1–10,526,108,9,0.8632552623748779
3,Hotwater,tabpfn,5000,2,10–100,1362,690,417,0.8632552623748779
3,Hotwater,tabpfn,5000,3,100–1k,2267,2002,1209,0.8632552623748779
3,Hotwater,tabpfn,5000,4,1k–10k,309,282,126,0.8632552623748779
3,Hotwater,tabpfn,5000,5,10k–100k,6,5,0,0.8632552623748779
3,Hotwater,tabpfn,5000,6,100k–300k,1,0,0,0.8632552623748779
3,Hotwater,tabpfn,5000,7,≥300k,0,0,0,0.8632552623748779
3,Hotwater,tabpfn,10000,0,0–1,86220,79271,71852,0.7924801111221313
3,Hotwater,tabpfn,10000,1,1–10,526,124,37,0.7924801111221313
3,Hotwater,tabpfn,10000,2,10–100,1362,709,543,0.7924801111221313
3,Hotwater,tabpfn,10000,3,100–1k,2267,1968,1634,0.7924801111221313
3,Hotwater,tabpfn,10000,4,1k–10k,309,274,217,0.7924801111221313
3,Hotwater,tabpfn,10000,5,10k–100k,6,5,0,0.7924801111221313
3,Hotwater,tabpfn,10000,6,100k–300k,1,0,0,0.7924801111221313
3,Hotwater,tabpfn,10000,7,≥300k,0,0,0,0.7924801111221313
3,Hotwater,tabpfn,20000,0,0–1,86220,78358,74124,0.6769630312919617
3,Hotwater,tabpfn,20000,1,1–10,526,118,75,0.6769630312919617
3,Hotwater,tabpfn,20000,2,10–100,1362,733,653,0.6769630312919617
3,Hotwater,tabpfn,20000,3,100–1k,2267,2069,1894,0.6769630312919617
3,Hotwater,tabpfn,20000,4,1k–10k,309,282,268,0.6769630312919617
3,Hotwater,tabpfn,20000,5,10k–100k,6,6,4,0.6769630312919617
3,Hotwater,tabpfn,20000,6,100k–300k,1,0,0,0.6769630312919617
3,Hotwater,tabpfn,20000,7,≥300k,0,0,0,0.6769630312919617
3,Hotwater,tabpfn,50000,0,0–1,86220,71805,67492,0.6563372611999512
3,Hotwater,tabpfn,50000,1,1–10,526,166,144,0.6563372611999512
3,Hotwater,tabpfn,50000,2,10–100,1362,817,687,0.6563372611999512
3,Hotwater,tabpfn,50000,3,100–1k,2267,2135,2053,0.6563372611999512
3,Hotwater,tabpfn,50000,4,1k–10k,309,296,284,0.6563372611999512
3,Hotwater,tabpfn,50000,5,10k–100k,6,6,5,0.6563372611999512
3,Hotwater,tabpfn,50000,6,100k–300k,1,1,0,0.6563372611999512
3,Hotwater,tabpfn,50000,7,≥300k,0,0,0,0.6563372611999512
3,Hotwater,tabpfn,100000,0,0–1,86220,68475,66403,0.5539127588272095
3,Hotwater,tabpfn,100000,1,1–10,526,163,154,0.5539127588272095
3,Hotwater,tabpfn,100000,2,10–100,1362,779,742,0.5539127588272095
3,Hotwater,tabpfn,100000,3,100–1k,2267,2140,2121,0.5539127588272095
3,Hotwater,tabpfn,100000,4,1k–10k,309,292,285,0.5539127588272095
3,Hotwater,tabpfn,100000,5,10k–100k,6,5,5,0.5539127588272095
3,Hotwater,tabpfn,100000,6,100k–300k,1,1,1,0.5539127588272095
3,Hotwater,tabpfn,100000,7,≥300k,0,0,0,0.5539127588272095
3,Hotwater,trees,5000,0,0–1,86220,77851,68621,0.8503103256225586
3,Hotwater,trees,5000,1,1–10,526,131,74,0.8503103256225586
3,Hotwater,trees,5000,2,10–100,1362,734,581,0.8503103256225586
3,Hotwater,trees,5000,3,100–1k,2267,2005,1648,0.8503103256225586
3,Hotwater,trees,5000,4,1k–10k,309,269,200,0.8503103256225586
3,Hotwater,trees,5000,5,10k–100k,6,5,0,0.8503103256225586
3,Hotwater,trees,5000,6,100k–300k,1,0,0,0.8503103256225586
3,Hotwater,trees,5000,7,≥300k,0,0,0,0.8503103256225586
3,Hotwater,trees,10000,0,0–1,86220,75146,67239,0.7863837480545044
3,Hotwater,trees,10000,1,1–10,526,124,60,0.7863837480545044
3,Hotwater,trees,10000,2,10–100,1362,718,578,0.7863837480545044
3,Hotwater,trees,10000,3,100–1k,2267,2072,1821,0.7863837480545044
3,Hotwater,trees,10000,4,1k–10k,309,287,244,0.7863837480545044
3,Hotwater,trees,10000,5,10k–100k,6,5,2,0.7863837480545044
3,Hotwater,trees,10000,6,100k–300k,1,0,0,0.7863837480545044
3,Hotwater,trees,10000,7,≥300k,0,0,0,0.7863837480545044
3,Hotwater,trees,20000,0,0–1,86220,73247,66612,0.7409506440162659
3,Hotwater,trees,20000,1,1–10,526,87,35,0.7409506440162659
3,Hotwater,trees,20000,2,10–100,1362,734,635,0.7409506440162659
3,Hotwater,trees,20000,3,100–1k,2267,2111,1960,0.7409506440162659
3,Hotwater,trees,20000,4,1k–10k,309,291,261,0.7409506440162659
3,Hotwater,trees,20000,5,10k–100k,6,6,5,0.7409506440162659
3,Hotwater,trees,20000,6,100k–300k,1,0,0,0.7409506440162659
3,Hotwater,trees,20000,7,≥300k,0,0,0,0.7409506440162659
3,Hotwater,trees,50000,0,0–1,86220,72065,66240,0.7396552562713623
3,Hotwater,trees,50000,1,1–10,526,118,46,0.7396552562713623
3,Hotwater,trees,50000,2,10–100,1362,766,674,0.7396552562713623
3,Hotwater,trees,50000,3,100–1k,2267,2154,2058,0.7396552562713623
3,Hotwater,trees,50000,4,1k–10k,309,299,283,0.7396552562713623
3,Hotwater,trees,50000,5,10k–100k,6,6,5,0.7396552562713623
3,Hotwater,trees,50000,6,100k–300k,1,0,0,0.7396552562713623
3,Hotwater,trees,50000,7,≥300k,0,0,0,0.7396552562713623
3,Hotwater,trees,100000,0,0–1,86220,70948,65778,0.7266824245452881
3,Hotwater,trees,100000,1,1–10,526,110,43,0.7266824245452881
3,Hotwater,trees,100000,2,10–100,1362,778,708,0.7266824245452881
3,Hotwater,trees,100000,3,100–1k,2267,2171,2102,0.7266824245452881
3,Hotwater,trees,100000,4,1k–10k,309,303,293,0.7266824245452881
3,Hotwater,trees,100000,5,10k–100k,6,5,4,0.7266824245452881
3,Hotwater,trees,100000,6,100k–300k,1,0,0,0.7266824245452881
3,Hotwater,trees,100000,7,≥300k,0,0,0,0.7266824245452881
