meter_id,meter,model,context_rows,regime_id,regime,normal_count,baseline_false_positive_count,f1_false_positive_count,threshold
0,Electricity,tabpfn,5000,0,0–1,76825,14704,4909,0.8255102634429932
0,Electricity,tabpfn,5000,1,1–10,621110,23109,5219,0.8255102634429932
0,Electricity,tabpfn,5000,2,10–100,2612678,21414,7781,0.8255102634429932
0,Electricity,tabpfn,5000,3,100–1k,2213985,10707,5387,0.8255102634429932
0,Electricity,tabpfn,5000,4,1k–10k,153309,8905,3219,0.8255102634429932
0,Electricity,tabpfn,5000,5,10k–100k,485,170,0,0.8255102634429932
0,Electricity,tabpfn,5000,6,100k–300k,0,0,0,0.8255102634429932
0,Electricity,tabpfn,5000,7,≥300k,0,0,0,0.8255102634429932
0,Electricity,tabpfn,10000,0,0–1,76825,12238,4009,0.8334100246429443
0,Electricity,tabpfn,10000,1,1–10,621110,16538,4546,0.8334100246429443
0,Electricity,tabpfn,10000,2,10–100,2612678,17205,5891,0.8334100246429443
0,Electricity,tabpfn,10000,3,100–1k,2213985,12902,2349,0.8334100246429443
0,Electricity,tabpfn,10000,4,1k–10k,153309,11050,3433,0.8334100246429443
0,Electricity,tabpfn,10000,5,10k–100k,485,112,0,0.8334100246429443
0,Electricity,tabpfn,10000,6,100k–300k,0,0,0,0.8334100246429443
0,Electricity,tabpfn,10000,7,≥300k,0,0,0,0.8334100246429443
0,Electricity,tabpfn,20000,0,0–1,76825,9038,3682,0.790613055229187
0,Electricity,tabpfn,20000,1,1–10,621110,14157,4588,0.790613055229187
0,Electricity,tabpfn,20000,2,10–100,2612678,14879,6345,0.790613055229187
0,Electricity,tabpfn,20000,3,100–1k,2213985,9092,2312,0.790613055229187
0,Electricity,tabpfn,20000,4,1k–10k,153309,5812,2808,0.790613055229187
0,Electricity,tabpfn,20000,5,10k–100k,485,4,0,0.790613055229187
0,Electricity,tabpfn,20000,6,100k–300k,0,0,0,0.790613055229187
0,Electricity,tabpfn,20000,7,≥300k,0,0,0,0.790613055229187
0,Electricity,tabpfn,50000,0,0–1,76825,7622,3229,0.8175170421600342
0,Electricity,tabpfn,50000,1,1–10,621110,12584,3930,0.8175170421600342
0,Electricity,tabpfn,50000,2,10–100,2612678,11939,4753,0.8175170421600342
0,Electricity,tabpfn,50000,3,100–1k,2213985,6026,1653,0.8175170421600342
0,Electricity,tabpfn,50000,4,1k–10k,153309,4593,2105,0.8175170421600342
0,Electricity,tabpfn,50000,5,10k–100k,485,2,0,0.8175170421600342
0,Electricity,tabpfn,50000,6,100k–300k,0,0,0,0.8175170421600342
0,Electricity,tabpfn,50000,7,≥300k,0,0,0,0.8175170421600342
0,Electricity,tabpfn,100000,0,0–1,76825,6103,4067,0.6683069467544556
0,Electricity,tabpfn,100000,1,1–10,621110,9775,5677,0.6683069467544556
0,Electricity,tabpfn,100000,2,10–100,2612678,10174,6639,0.6683069467544556
0,Electricity,tabpfn,100000,3,100–1k,2213985,5141,2836,0.6683069467544556
0,Electricity,tabpfn,100000,4,1k–10k,153309,2946,1603,0.6683069467544556
0,Electricity,tabpfn,100000,5,10k–100k,485,0,0,0.6683069467544556
0,Electricity,tabpfn,100000,6,100k–300k,0,0,0,0.6683069467544556
0,Electricity,tabpfn,100000,7,≥300k,0,0,0,0.6683069467544556
0,Electricity,trees,5000,0,0–1,76825,12897,3479,0.8843597769737244
0,Electricity,trees,5000,1,1–10,621110,8135,2208,0.8843597769737244
0,Electricity,trees,5000,2,10–100,2612678,11033,6868,0.8843597769737244
0,Electricity,trees,5000,3,100–1k,2213985,7927,5621,0.8843597769737244
0,Electricity,trees,5000,4,1k–10k,153309,5116,2777,0.8843597769737244
0,Electricity,trees,5000,5,10k–100k,485,1,0,0.8843597769737244
0,Electricity,trees,5000,6,100k–300k,0,0,0,0.8843597769737244
0,Electricity,trees,5000,7,≥300k,0,0,0,0.8843597769737244
0,Electricity,trees,10000,0,0–1,76825,11805,3149,0.8506138324737549
0,Electricity,trees,10000,1,1–10,621110,7537,2235,0.8506138324737549
0,Electricity,trees,10000,2,10–100,2612678,10394,7051,0.8506138324737549
0,Electricity,trees,10000,3,100–1k,2213985,7946,5768,0.8506138324737549
0,Electricity,trees,10000,4,1k–10k,153309,5098,3081,0.8506138324737549
0,Electricity,trees,10000,5,10k–100k,485,8,0,0.8506138324737549
0,Electricity,trees,10000,6,100k–300k,0,0,0,0.8506138324737549
0,Electricity,trees,10000,7,≥300k,0,0,0,0.8506138324737549
0,Electricity,trees,20000,0,0–1,76825,11691,3042,0.8519443273544312
0,Electricity,trees,20000,1,1–10,621110,6767,1651,0.8519443273544312
0,Electricity,trees,20000,2,10–100,2612678,9969,7024,0.8519443273544312
0,Electricity,trees,20000,3,100–1k,2213985,7899,5761,0.8519443273544312
0,Electricity,trees,20000,4,1k–10k,153309,4372,2810,0.8519443273544312
0,Electricity,trees,20000,5,10k–100k,485,10,0,0.8519443273544312
0,Electricity,trees,20000,6,100k–300k,0,0,0,0.8519443273544312
0,Electricity,trees,20000,7,≥300k,0,0,0,0.8519443273544312
0,Electricity,trees,50000,0,0–1,76825,10771,2345,0.8792746663093567
0,Electricity,trees,50000,1,1–10,621110,7271,1409,0.8792746663093567
0,Electricity,trees,50000,2,10–100,2612678,10931,6956,0.8792746663093567
0,Electricity,trees,50000,3,100–1k,2213985,9275,5458,0.8792746663093567
0,Electricity,trees,50000,4,1k–10k,153309,3963,1864,0.8792746663093567
0,Electricity,trees,50000,5,10k–100k,485,0,0,0.8792746663093567
0,Electricity,trees,50000,6,100k–300k,0,0,0,0.8792746663093567
0,Electricity,trees,50000,7,≥300k,0,0,0,0.8792746663093567
0,Electricity,trees,100000,0,0–1,76825,11232,1493,0.9449846744537354
0,Electricity,trees,100000,1,1–10,621110,6400,559,0.9449846744537354
0,Electricity,trees,100000,2,10–100,2612678,10760,4612,0.9449846744537354
0,Electricity,trees,100000,3,100–1k,2213985,9278,2472,0.9449846744537354
0,Electricity,trees,100000,4,1k–10k,153309,3349,260,0.9449846744537354
0,Electricity,trees,100000,5,10k–100k,485,0,0,0.9449846744537354
0,Electricity,trees,100000,6,100k–300k,0,0,0,0.9449846744537354
0,Electricity,trees,100000,7,≥300k,0,0,0,0.9449846744537354
1,Chilledwater,tabpfn,5000,0,0–1,231482,152054,94860,0.8903838396072388
1,Chilledwater,tabpfn,5000,1,1–10,147243,793,6,0.8903838396072388
1,Chilledwater,tabpfn,5000,2,10–100,463579,2177,1031,0.8903838396072388
1,Chilledwater,tabpfn,5000,3,100–1k,848372,1030,176,0.8903838396072388
1,Chilledwater,tabpfn,5000,4,1k–10k,281688,266,25,0.8903838396072388
1,Chilledwater,tabpfn,5000,5,10k–100k,1851,2,0,0.8903838396072388
1,Chilledwater,tabpfn,5000,6,100k–300k,0,0,0,0.8903838396072388
1,Chilledwater,tabpfn,5000,7,≥300k,0,0,0,0.8903838396072388
1,Chilledwater,tabpfn,10000,0,0–1,231482,145276,47993,0.9144227504730225
1,Chilledwater,tabpfn,10000,1,1–10,147243,1118,4,0.9144227504730225
1,Chilledwater,tabpfn,10000,2,10–100,463579,2310,878,0.9144227504730225
1,Chilledwater,tabpfn,10000,3,100–1k,848372,1471,199,0.9144227504730225
1,Chilledwater,tabpfn,10000,4,1k–10k,281688,330,35,0.9144227504730225
1,Chilledwater,tabpfn,10000,5,10k–100k,1851,7,0,0.9144227504730225
1,Chilledwater,tabpfn,10000,6,100k–300k,0,0,0,0.9144227504730225
1,Chilledwater,tabpfn,10000,7,≥300k,0,0,0,0.9144227504730225
1,Chilledwater,tabpfn,20000,0,0–1,231482,135453,38837,0.9121648073196411
1,Chilledwater,tabpfn,20000,1,1–10,147243,948,7,0.9121648073196411
1,Chilledwater,tabpfn,20000,2,10–100,463579,2754,809,0.9121648073196411
1,Chilledwater,tabpfn,20000,3,100–1k,848372,1654,262,0.9121648073196411
1,Chilledwater,tabpfn,20000,4,1k–10k,281688,418,26,0.9121648073196411
1,Chilledwater,tabpfn,20000,5,10k–100k,1851,9,0,0.9121648073196411
1,Chilledwater,tabpfn,20000,6,100k–300k,0,0,0,0.9121648073196411
1,Chilledwater,tabpfn,20000,7,≥300k,0,0,0,0.9121648073196411
1,Chilledwater,tabpfn,50000,0,0–1,231482,125948,42332,0.9140154123306274
1,Chilledwater,tabpfn,50000,1,1–10,147243,1040,30,0.9140154123306274
1,Chilledwater,tabpfn,50000,2,10–100,463579,2811,887,0.9140154123306274
1,Chilledwater,tabpfn,50000,3,100–1k,848372,1530,181,0.9140154123306274
1,Chilledwater,tabpfn,50000,4,1k–10k,281688,328,32,0.9140154123306274
1,Chilledwater,tabpfn,50000,5,10k–100k,1851,12,1,0.9140154123306274
1,Chilledwater,tabpfn,50000,6,100k–300k,0,0,0,0.9140154123306274
1,Chilledwater,tabpfn,50000,7,≥300k,0,0,0,0.9140154123306274
1,Chilledwater,tabpfn,100000,0,0–1,231482,124214,41595,0.9133889675140381
1,Chilledwater,tabpfn,100000,1,1–10,147243,825,26,0.9133889675140381
1,Chilledwater,tabpfn,100000,2,10–100,463579,2341,687,0.9133889675140381
1,Chilledwater,tabpfn,100000,3,100–1k,848372,1346,157,0.9133889675140381
1,Chilledwater,tabpfn,100000,4,1k–10k,281688,397,35,0.9133889675140381
1,Chilledwater,tabpfn,100000,5,10k–100k,1851,14,1,0.9133889675140381
1,Chilledwater,tabpfn,100000,6,100k–300k,0,0,0,0.9133889675140381
1,Chilledwater,tabpfn,100000,7,≥300k,0,0,0,0.9133889675140381
1,Chilledwater,trees,5000,0,0–1,231482,154378,119395,0.8970602750778198
1,Chilledwater,trees,5000,1,1–10,147243,847,61,0.8970602750778198
1,Chilledwater,trees,5000,2,10–100,463579,2077,1204,0.8970602750778198
1,Chilledwater,trees,5000,3,100–1k,848372,966,305,0.8970602750778198
1,Chilledwater,trees,5000,4,1k–10k,281688,329,31,0.8970602750778198
1,Chilledwater,trees,5000,5,10k–100k,1851,2,0,0.8970602750778198
1,Chilledwater,trees,5000,6,100k–300k,0,0,0,0.8970602750778198
1,Chilledwater,trees,5000,7,≥300k,0,0,0,0.8970602750778198
1,Chilledwater,trees,10000,0,0–1,231482,145581,61384,0.9465453624725342
1,Chilledwater,trees,10000,1,1–10,147243,1022,4,0.9465453624725342
1,Chilledwater,trees,10000,2,10–100,463579,2431,973,0.9465453624725342
1,Chilledwater,trees,10000,3,100–1k,848372,1420,220,0.9465453624725342
1,Chilledwater,trees,10000,4,1k–10k,281688,423,19,0.9465453624725342
1,Chilledwater,trees,10000,5,10k–100k,1851,4,0,0.9465453624725342
1,Chilledwater,trees,10000,6,100k–300k,0,0,0,0.9465453624725342
1,Chilledwater,trees,10000,7,≥300k,0,0,0,0.9465453624725342
1,Chilledwater,trees,20000,0,0–1,231482,141302,74147,0.8962291479110718
1,Chilledwater,trees,20000,1,1–10,147243,871,23,0.8962291479110718
1,Chilledwater,trees,20000,2,10–100,463579,2522,1264,0.8962291479110718
1,Chilledwater,trees,20000,3,100–1k,848372,1534,336,0.8962291479110718
1,Chilledwater,trees,20000,4,1k–10k,281688,380,40,0.8962291479110718
1,Chilledwater,trees,20000,5,10k–100k,1851,7,1,0.8962291479110718
1,Chilledwater,trees,20000,6,100k–300k,0,0,0,0.8962291479110718
1,Chilledwater,trees,20000,7,≥300k,0,0,0,0.8962291479110718
1,Chilledwater,trees,50000,0,0–1,231482,133193,67413,0.9207515120506287
1,Chilledwater,trees,50000,1,1–10,147243,1300,13,0.9207515120506287
1,Chilledwater,trees,50000,2,10–100,463579,2276,1039,0.9207515120506287
1,Chilledwater,trees,50000,3,100–1k,848372,1184,227,0.9207515120506287
1,Chilledwater,trees,50000,4,1k–10k,281688,408,23,0.9207515120506287
1,Chilledwater,trees,50000,5,10k–100k,1851,5,0,0.9207515120506287
1,Chilledwater,trees,50000,6,100k–300k,0,0,0,0.9207515120506287
1,Chilledwater,trees,50000,7,≥300k,0,0,0,0.9207515120506287
1,Chilledwater,trees,100000,0,0–1,231482,129582,68443,0.9200989603996277
1,Chilledwater,trees,100000,1,1–10,147243,797,4,0.9200989603996277
1,Chilledwater,trees,100000,2,10–100,463579,1923,938,0.9200989603996277
1,Chilledwater,trees,100000,3,100–1k,848372,927,191,0.9200989603996277
1,Chilledwater,trees,100000,4,1k–10k,281688,381,17,0.9200989603996277
1,Chilledwater,trees,100000,5,10k–100k,1851,3,0,0.9200989603996277
1,Chilledwater,trees,100000,6,100k–300k,0,0,0,0.9200989603996277
1,Chilledwater,trees,100000,7,≥300k,0,0,0,0.9200989603996277
2,Steam,tabpfn,5000,0,0–1,113715,53978,27912,0.8732237815856934
2,Steam,tabpfn,5000,1,1–10,28581,1155,100,0.8732237815856934
2,Steam,tabpfn,5000,2,10–100,260925,2689,60,0.8732237815856934
2,Steam,tabpfn,5000,3,100–1k,583601,4990,1500,0.8732237815856934
2,Steam,tabpfn,5000,4,1k–10k,291800,653,56,0.8732237815856934
2,Steam,tabpfn,5000,5,10k–100k,22637,1,0,0.8732237815856934
2,Steam,tabpfn,5000,6,100k–300k,462,0,0,0.8732237815856934
2,Steam,tabpfn,5000,7,≥300k,0,0,0,0.8732237815856934
2,Steam,tabpfn,10000,0,0–1,113715,46005,16420,0.9106889963150024
2,Steam,tabpfn,10000,1,1–10,28581,1181,25,0.9106889963150024
2,Steam,tabpfn,10000,2,10–100,260925,1805,11,0.9106889963150024
2,Steam,tabpfn,10000,3,100–1k,583601,5258,1359,0.9106889963150024
2,Steam,tabpfn,10000,4,1k–10k,291800,661,59,0.9106889963150024
2,Steam,tabpfn,10000,5,10k–100k,22637,11,0,0.9106889963150024
2,Steam,tabpfn,10000,6,100k–300k,462,0,0,0.9106889963150024
2,Steam,tabpfn,10000,7,≥300k,0,0,0,0.9106889963150024
2,Steam,tabpfn,20000,0,0–1,113715,44269,16327,0.9131615161895752
2,Steam,tabpfn,20000,1,1–10,28581,1059,40,0.9131615161895752
2,Steam,tabpfn,20000,2,10–100,260925,1284,3,0.9131615161895752
2,Steam,tabpfn,20000,3,100–1k,583601,4809,880,0.9131615161895752
2,Steam,tabpfn,20000,4,1k–10k,291800,659,40,0.9131615161895752
2,Steam,tabpfn,20000,5,10k–100k,22637,13,0,0.9131615161895752
2,Steam,tabpfn,20000,6,100k–300k,462,1,0,0.9131615161895752
2,Steam,tabpfn,20000,7,≥300k,0,0,0,0.9131615161895752
2,Steam,tabpfn,50000,0,0–1,113715,33068,11331,0.8948761224746704
2,Steam,tabpfn,50000,1,1–10,28581,1058,43,0.8948761224746704
2,Steam,tabpfn,50000,2,10–100,260925,1605,46,0.8948761224746704
2,Steam,tabpfn,50000,3,100–1k,583601,4382,1073,0.8948761224746704
2,Steam,tabpfn,50000,4,1k–10k,291800,528,55,0.8948761224746704
2,Steam,tabpfn,50000,5,10k–100k,22637,20,0,0.8948761224746704
2,Steam,tabpfn,50000,6,100k–300k,462,1,0,0.8948761224746704
2,Steam,tabpfn,50000,7,≥300k,0,0,0,0.8948761224746704
2,Steam,tabpfn,100000,0,0–1,113715,26410,12106,0.84783935546875
2,Steam,tabpfn,100000,1,1–10,28581,783,52,0.84783935546875
2,Steam,tabpfn,100000,2,10–100,260925,1009,88,0.84783935546875
2,Steam,tabpfn,100000,3,100–1k,583601,2919,951,0.84783935546875
2,Steam,tabpfn,100000,4,1k–10k,291800,371,65,0.84783935546875
2,Steam,tabpfn,100000,5,10k–100k,22637,32,1,0.84783935546875
2,Steam,tabpfn,100000,6,100k–300k,462,1,0,0.84783935546875
2,Steam,tabpfn,100000,7,≥300k,0,0,0,0.84783935546875
2,Steam,trees,5000,0,0–1,113715,51730,18963,0.9398916959762573
2,Steam,trees,5000,1,1–10,28581,1536,122,0.9398916959762573
2,Steam,trees,5000,2,10–100,260925,3665,224,0.9398916959762573
2,Steam,trees,5000,3,100–1k,583601,4143,1020,0.9398916959762573
2,Steam,trees,5000,4,1k–10k,291800,445,23,0.9398916959762573
2,Steam,trees,5000,5,10k–100k,22637,0,0,0.9398916959762573
2,Steam,trees,5000,6,100k–300k,462,0,0,0.9398916959762573
2,Steam,trees,5000,7,≥300k,0,0,0,0.9398916959762573
2,Steam,trees,10000,0,0–1,113715,42835,19815,0.9024956226348877
2,Steam,trees,10000,1,1–10,28581,1253,134,0.9024956226348877
2,Steam,trees,10000,2,10–100,260925,3227,290,0.9024956226348877
2,Steam,trees,10000,3,100–1k,583601,4065,917,0.9024956226348877
2,Steam,trees,10000,4,1k–10k,291800,544,49,0.9024956226348877
2,Steam,trees,10000,5,10k–100k,22637,3,0,0.9024956226348877
2,Steam,trees,10000,6,100k–300k,462,0,0,0.9024956226348877
2,Steam,trees,10000,7,≥300k,0,0,0,0.9024956226348877
2,Steam,trees,20000,0,0–1,113715,37398,21429,0.8634533882141113
2,Steam,trees,20000,1,1–10,28581,1419,159,0.8634533882141113
2,Steam,trees,20000,2,10–100,260925,3788,630,0.8634533882141113
2,Steam,trees,20000,3,100–1k,583601,3685,1251,0.8634533882141113
2,Steam,trees,20000,4,1k–10k,291800,598,234,0.8634533882141113
2,Steam,trees,20000,5,10k–100k,22637,5,0,0.8634533882141113
2,Steam,trees,20000,6,100k–300k,462,0,0,0.8634533882141113
2,Steam,trees,20000,7,≥300k,0,0,0,0.8634533882141113
2,Steam,trees,50000,0,0–1,113715,34660,24183,0.7398369312286377
2,Steam,trees,50000,1,1–10,28581,1581,477,0.7398369312286377
2,Steam,trees,50000,2,10–100,260925,3265,1224,0.7398369312286377
2,Steam,trees,50000,3,100–1k,583601,2776,1481,0.7398369312286377
2,Steam,trees,50000,4,1k–10k,291800,532,341,0.7398369312286377
2,Steam,trees,50000,5,10k–100k,22637,5,0,0.7398369312286377
2,Steam,trees,50000,6,100k–300k,462,0,0,0.7398369312286377
2,Steam,trees,50000,7,≥300k,0,0,0,0.7398369312286377
2,Steam,trees,100000,0,0–1,113715,32614,9940,0.9072009325027466
2,Steam,trees,100000,1,1–10,28581,1322,26,0.9072009325027466
2,Steam,trees,100000,2,10–100,260925,2376,131,0.9072009325027466
2,Steam,trees,100000,3,100–1k,583601,2669,758,0.9072009325027466
2,Steam,trees,100000,4,1k–10k,291800,514,98,0.9072009325027466
2,Steam,trees,100000,5,10k–100k,22637,3,0,0.9072009325027466
2,Steam,trees,100000,6,100k–300k,462,0,0,0.9072009325027466
2,Steam,trees,100000,7,≥300k,0,0,0,0.9072009325027466
3,Hotwater,tabpfn,5000,0,0–1,101723,51372,19994,0.8632552623748779
3,Hotwater,tabpfn,5000,1,1–10,48546,12418,9062,0.8632552623748779
3,Hotwater,tabpfn,5000,2,10–100,135177,3107,1228,0.8632552623748779
3,Hotwater,tabpfn,5000,3,100–1k,205426,2113,88,0.8632552623748779
3,Hotwater,tabpfn,5000,4,1k–10k,50056,127,0,0.8632552623748779
3,Hotwater,tabpfn,5000,5,10k–100k,4451,24,0,0.8632552623748779
3,Hotwater,tabpfn,5000,6,100k–300k,51,0,0,0.8632552623748779
3,Hotwater,tabpfn,5000,7,≥300k,0,0,0,0.8632552623748779
3,Hotwater,tabpfn,10000,0,0–1,101723,41903,20513,0.7924801111221313
3,Hotwater,tabpfn,10000,1,1–10,48546,8940,940,0.7924801111221313
3,Hotwater,tabpfn,10000,2,10–100,135177,2283,381,0.7924801111221313
3,Hotwater,tabpfn,10000,3,100–1k,205426,2494,268,0.7924801111221313
3,Hotwater,tabpfn,10000,4,1k–10k,50056,117,15,0.7924801111221313
3,Hotwater,tabpfn,10000,5,10k–100k,4451,35,0,0.7924801111221313
3,Hotwater,tabpfn,10000,6,100k–300k,51,0,0,0.7924801111221313
3,Hotwater,tabpfn,10000,7,≥300k,0,0,0,0.7924801111221313
3,Hotwater,tabpfn,20000,0,0–1,101723,35920,24973,0.6769630312919617
3,Hotwater,tabpfn,20000,1,1–10,48546,2663,1339,0.6769630312919617
3,Hotwater,tabpfn,20000,2,10–100,135177,1303,499,0.6769630312919617
3,Hotwater,tabpfn,20000,3,100–1k,205426,2304,703,0.6769630312919617
3,Hotwater,tabpfn,20000,4,1k–10k,50056,209,70,0.6769630312919617
3,Hotwater,tabpfn,20000,5,10k–100k,4451,98,9,0.6769630312919617
3,Hotwater,tabpfn,20000,6,100k–300k,51,4,0,0.6769630312919617
3,Hotwater,tabpfn,20000,7,≥300k,0,0,0,0.6769630312919617
3,Hotwater,tabpfn,50000,0,0–1,101723,31168,22392,0.6563372611999512
3,Hotwater,tabpfn,50000,1,1–10,48546,2236,1121,0.6563372611999512
3,Hotwater,tabpfn,50000,2,10–100,135177,1224,489,0.6563372611999512
3,Hotwater,tabpfn,50000,3,100–1k,205426,1889,855,0.6563372611999512
3,Hotwater,tabpfn,50000,4,1k–10k,50056,171,75,0.6563372611999512
3,Hotwater,tabpfn,50000,5,10k–100k,4451,146,29,0.6563372611999512
3,Hotwater,tabpfn,50000,6,100k–300k,51,6,1,0.6563372611999512
3,Hotwater,tabpfn,50000,7,≥300k,0,0,0,0.6563372611999512
3,Hotwater,tabpfn,100000,0,0–1,101723,28206,25050,0.5539127588272095
3,Hotwater,tabpfn,100000,1,1–10,48546,1261,985,0.5539127588272095
3,Hotwater,tabpfn,100000,2,10–100,135177,894,655,0.5539127588272095
3,Hotwater,tabpfn,100000,3,100–1k,205426,1389,1083,0.5539127588272095
3,Hotwater,tabpfn,100000,4,1k–10k,50056,196,142,0.5539127588272095
3,Hotwater,tabpfn,100000,5,10k–100k,4451,124,72,0.5539127588272095
3,Hotwater,tabpfn,100000,6,100k–300k,51,7,5,0.5539127588272095
3,Hotwater,tabpfn,100000,7,≥300k,0,0,0,0.5539127588272095
3,Hotwater,trees,5000,0,0–1,101723,46872,22786,0.8503103256225586
3,Hotwater,trees,5000,1,1–10,48546,12666,8364,0.8503103256225586
3,Hotwater,trees,5000,2,10–100,135177,4079,1949,0.8503103256225586
3,Hotwater,trees,5000,3,100–1k,205426,1350,126,0.8503103256225586
3,Hotwater,trees,5000,4,1k–10k,50056,60,0,0.8503103256225586
3,Hotwater,trees,5000,5,10k–100k,4451,30,0,0.8503103256225586
3,Hotwater,trees,5000,6,100k–300k,51,3,0,0.8503103256225586
3,Hotwater,trees,5000,7,≥300k,0,0,0,0.8503103256225586
3,Hotwater,trees,10000,0,0–1,101723,40516,23810,0.7863837480545044
3,Hotwater,trees,10000,1,1–10,48546,9011,3744,0.7863837480545044
3,Hotwater,trees,10000,2,10–100,135177,3269,1381,0.7863837480545044
3,Hotwater,trees,10000,3,100–1k,205426,1278,179,0.7863837480545044
3,Hotwater,trees,10000,4,1k–10k,50056,134,25,0.7863837480545044
3,Hotwater,trees,10000,5,10k–100k,4451,9,0,0.7863837480545044
3,Hotwater,trees,10000,6,100k–300k,51,0,0,0.7863837480545044
3,Hotwater,trees,10000,7,≥300k,0,0,0,0.7863837480545044
3,Hotwater,trees,20000,0,0–1,101723,35033,21640,0.7409506440162659
3,Hotwater,trees,20000,1,1–10,48546,6715,725,0.7409506440162659
3,Hotwater,trees,20000,2,10–100,135177,2989,843,0.7409506440162659
3,Hotwater,trees,20000,3,100–1k,205426,1595,398,0.7409506440162659
3,Hotwater,trees,20000,4,1k–10k,50056,252,96,0.7409506440162659
3,Hotwater,trees,20000,5,10k–100k,4451,29,5,0.7409506440162659
3,Hotwater,trees,20000,6,100k–300k,51,0,0,0.7409506440162659
3,Hotwater,trees,20000,7,≥300k,0,0,0,0.7409506440162659
3,Hotwater,trees,50000,0,0–1,101723,31066,19223,0.7396552562713623
3,Hotwater,trees,50000,1,1–10,48546,8580,490,0.7396552562713623
3,Hotwater,trees,50000,2,10–100,135177,2724,549,0.7396552562713623
3,Hotwater,trees,50000,3,100–1k,205426,1363,278,0.7396552562713623
3,Hotwater,trees,50000,4,1k–10k,50056,238,92,0.7396552562713623
3,Hotwater,trees,50000,5,10k–100k,4451,36,5,0.7396552562713623
3,Hotwater,trees,50000,6,100k–300k,51,0,0,0.7396552562713623
3,Hotwater,trees,50000,7,≥300k,0,0,0,0.7396552562713623
3,Hotwater,trees,100000,0,0–1,101723,27140,17909,0.7266824245452881
3,Hotwater,trees,100000,1,1–10,48546,7240,345,0.7266824245452881
3,Hotwater,trees,100000,2,10–100,135177,3115,793,0.7266824245452881
3,Hotwater,trees,100000,3,100–1k,205426,1093,268,0.7266824245452881
3,Hotwater,trees,100000,4,1k–10k,50056,180,72,0.7266824245452881
3,Hotwater,trees,100000,5,10k–100k,4451,16,1,0.7266824245452881
3,Hotwater,trees,100000,6,100k–300k,51,0,0,0.7266824245452881
3,Hotwater,trees,100000,7,≥300k,0,0,0,0.7266824245452881
