meter_id,meter,model,feature_count,context_rows,threshold,holdout_max_f1,baseline_tn,baseline_fp,baseline_fn,baseline_tp,baseline_false_positive_rate,baseline_anomaly_recall,baseline_precision,baseline_f1,f1_tn,f1_fp,f1_fn,f1_tp,f1_false_positive_rate,f1_anomaly_recall,f1_precision,f1_f1,delta_fp,delta_false_positive_rate,delta_fn,delta_anomaly_recall
0,Electricity,tabpfn,137,5000,0.8255102634429932,0.9276772459454959,5599383,79009,10349,346330,0.013913974237777174,0.9709851154679698,0.8142446378065497,0.8857340879621698,5651877,26515,25174,331505,0.0046694557191542954,0.9294211321664578,0.9259398916261662,0.9276772459454959,-52494,-0.009244518518622877,14825,-0.04156398330151201
0,Electricity,tabpfn,137,10000,0.8334100246429443,0.9292095360799114,5608347,70045,9577,347102,0.012335358319749676,0.9731495266051547,0.8320855717528832,0.8971060677723416,5658164,20228,29607,327072,0.0035622760809750366,0.9169925899758606,0.9417564065649294,0.9292095360799114,-49817,-0.008773082238774639,20030,-0.05615693662929411
0,Electricity,tabpfn,137,20000,0.790613055229187,0.9369358683250302,5625410,52982,9855,346824,0.009330458341023303,0.9723701143044586,0.8674807281531542,0.9169355638247949,5658657,19735,24925,331754,0.003475455727607393,0.9301192388674411,0.9438531504542105,0.9369358683250302,-33247,-0.00585500261341591,15070,-0.042250875437017554
0,Electricity,tabpfn,137,50000,0.8175170421600342,0.9395104959834583,5635626,42766,11185,345494,0.007531357468804549,0.9686412712831426,0.8898521609230928,0.9275766203675737,5662722,15670,26807,329872,0.002759584051259582,0.9248427858102103,0.9546509541531855,0.9395104959834583,-27096,-0.004771773417544967,15622,-0.0437984854729323
0,Electricity,tabpfn,137,100000,0.6683069467544556,0.9438182756724921,5644253,34139,12434,344245,0.006012089337967509,0.9651395232127488,0.9097768404583704,0.9366408049378081,5657570,20822,19339,337340,0.003666883159880473,0.9457803795569686,0.9418642960448066,0.9438182756724921,-13317,-0.002345206178087036,6905,-0.019359143655780175
0,Electricity,trees,137,5000,0.8843597769737244,0.9468784815809986,5633283,45109,9272,347407,0.00794397428004266,0.974004637222825,0.8850772962121289,0.9274140911244737,5657439,20953,17144,339535,0.0036899530712215713,0.9519343723628249,0.9418760125163667,0.9468784815809986,-24156,-0.004254021208821089,7872,-0.02207026486000019
0,Electricity,trees,137,10000,0.8506138324737549,0.9491993811346143,5635604,42788,8166,348513,0.007535231805060306,0.9771054645773931,0.8906519533556009,0.9318778576967298,5657108,21284,15261,341418,0.0037482442212513683,0.9572136290614249,0.94131821715899,0.9491993811346143,-21504,-0.0037869875838089373,7095,-0.01989183551596818
0,Electricity,trees,137,20000,0.8519443273544312,0.952141765114663,5637684,40708,7132,349547,0.007168930922697834,0.9800044297533637,0.8956887163521288,0.9359515030779159,5658104,20288,14146,342533,0.0035728424525816463,0.9603396891883178,0.9440826192530201,0.952141765114663,-20420,-0.003596088470116188,7014,-0.019664740565045857
0,Electricity,trees,137,50000,0.8792746663093567,0.9557000742721538,5636181,42211,5598,351081,0.007433618531443409,0.9843052156140395,0.8926726198346266,0.936252201751801,5660360,18032,13759,342920,0.0031755468801731193,0.9614246983982797,0.9500432190429753,0.9557000742721538,-24179,-0.00425807165127029,8161,-0.022880517215759788
0,Electricity,trees,137,100000,0.9449846744537354,0.9571909174554974,5637373,41019,5393,351286,0.007223699948858762,0.9848799620947687,0.8954410471444412,0.9380333892312787,5668996,9396,20660,336019,0.0016546937935950881,0.9420767693079772,0.9727979387114051,0.9571909174554974,-31623,-0.005569006155263673,15267,-0.042803192786791455
1,Chilledwater,tabpfn,137,5000,0.8903838396072388,0.6892548924273733,1817893,156322,3238,137901,0.07918185202726147,0.9770580774980693,0.4686955132671477,0.6335003973704642,1878117,96098,16388,124751,0.04867656258310265,0.8838875151446446,0.5648701148748693,0.6892548924273733,-60224,-0.03050528944415882,13150,-0.09317056235342469
1,Chilledwater,tabpfn,137,10000,0.9144227504730225,0.7410257852541302,1823703,150512,2937,138202,0.07623891014909724,0.9791907268720906,0.4786813247712269,0.6430198230557889,1925106,49109,29160,111979,0.02487520356192208,0.7933951636330142,0.695141785856178,0.7410257852541302,-101403,-0.051363706587175165,26223,-0.18579556323907642
1,Chilledwater,tabpfn,137,20000,0.9121648073196411,0.7657198944850009,1832979,141236,4198,136941,0.07154033375290939,0.970256272185576,0.4922800950473979,0.6531637237787254,1934274,39941,28801,112338,0.020231332453658796,0.7959387554113321,0.7377117002344381,0.7657198944850009,-101295,-0.05130900129925059,24603,-0.1743175167742439
1,Chilledwater,tabpfn,137,50000,0.9140154123306274,0.7464085265027146,1842546,131669,4308,136831,0.06669435699759145,0.969476898660186,0.5096126629422719,0.6680565082914469,1930752,43463,31224,109915,0.02201533267653219,0.7787712822111535,0.7166281996114175,0.7464085265027146,-88206,-0.04467902432105926,26916,-0.1907056164490325
1,Chilledwater,tabpfn,137,100000,0.9133889675140381,0.7395802947888606,1845078,129137,4646,136493,0.06541182191402659,0.9670820963730791,0.5138463275985393,0.6711081719600068,1931714,42501,33384,107755,0.021528050389648543,0.7634672202580435,0.7171427430518582,0.7395802947888606,-86636,-0.04388377152437804,28738,-0.2036148761150356
1,Chilledwater,trees,137,5000,0.8970602750778198,0.6543895897231883,1815616,158599,3752,137387,0.0803352218476711,0.9734162775703384,0.4641672241254654,0.6285936517014584,1853219,120996,13659,127480,0.06128815757149044,0.9032230637881804,0.51304753779037,0.6543895897231883,-37603,-0.019047064276180657,9907,-0.07019321378215804
1,Chilledwater,trees,137,10000,0.9465453624725342,0.6942402471303779,1823334,150881,4347,136792,0.0764258198828395,0.969200575319366,0.47551212661598413,0.6380045334552205,1911615,62600,32816,108323,0.0317088057784993,0.7674916217346021,0.6337532105099958,0.6942402471303779,-88281,-0.0447170141043402,28469,-0.20170895358476393
1,Chilledwater,trees,137,20000,0.8962291479110718,0.7046562517725521,1827599,146616,4406,136733,0.07426546754026284,0.9687825477012023,0.482560376073323,0.6442255140310209,1898404,75811,23120,118019,0.038400579470827645,0.8361898553907849,0.6088789145127174,0.7046562517725521,-70805,-0.03586488806943519,18714,-0.13259269231041737
1,Chilledwater,trees,137,50000,0.9207515120506287,0.7075289545565127,1835849,138366,3067,138072,0.07008659137935838,0.9782696490693572,0.49946823519197797,0.6613007900339339,1905500,68715,26260,114879,0.034806239442006066,0.813942283847838,0.625723062845191,0.7075289545565127,-69651,-0.035280351937352315,23193,-0.16432736522151925
1,Chilledwater,trees,137,100000,0.9200989603996277,0.6974283215324373,1840602,133613,3425,137714,0.06767905218023366,0.9757331425049065,0.5075573017060595,0.6677592819771812,1904622,69593,28308,112831,0.035250973171615047,0.7994317658478521,0.6185096259264132,0.6974283215324373,-64020,-0.03242807900861862,24883,-0.17630137665705437
2,Steam,tabpfn,137,5000,0.8732237815856934,0.6422611688008508,1238255,63466,6651,42237,0.048755455278051134,0.8639543446244478,0.3995818472512606,0.5464354328518478,1272093,29628,11747,37141,0.02276063764815963,0.7597160857470135,0.5562611391514026,0.6422611688008508,-33838,-0.025994817629891503,5096,-0.10423825887743421
2,Steam,tabpfn,137,10000,0.9106889963150024,0.694563123881779,1246800,54921,6441,42447,0.042191068593039525,0.8682498772704959,0.43594404732561004,0.5804479816212668,1283847,17874,13367,35521,0.013731052967571392,0.7265791196203567,0.665249555201798,0.694563123881779,-37047,-0.028460015625468134,6926,-0.14167075765013915
2,Steam,tabpfn,137,20000,0.9131615161895752,0.7024812022704324,1249627,52094,5987,42901,0.040019328258513155,0.8775364097529046,0.45161324280225273,0.5963317417624041,1284431,17290,13059,35829,0.013282416124499798,0.7328792341678939,0.674504414616239,0.7024812022704324,-34804,-0.026736912134013358,7072,-0.14465717558501068
2,Steam,tabpfn,137,50000,0.8948761224746704,0.7661100009037868,1261059,40662,5708,43180,0.0312371084126322,0.8832433316969399,0.5150163402590587,0.6506441648459278,1289173,12548,10743,38145,0.009639546415860234,0.780252822778596,0.7524707553311109,0.7661100009037868,-28114,-0.021597561996771965,5035,-0.10299050891834394
2,Steam,tabpfn,137,100000,0.84783935546875,0.7734525324886771,1270196,31525,5704,43184,0.02421793917436993,0.8833251513663885,0.5780294208194461,0.6987871873912797,1288458,13263,9696,39192,0.010188819263113985,0.8016691212567502,0.7471547040320274,0.7734525324886771,-18262,-0.014029119911255944,3992,-0.08165603010963829
2,Steam,trees,137,5000,0.9398916959762573,0.6625071230574577,1240202,61519,6529,42359,0.04725974306322169,0.8664498445426281,0.40777643004293496,0.554560569760287,1281369,20352,14591,34297,0.01563468669553614,0.7015423007691048,0.627586964079855,0.6625071230574577,-41167,-0.03162505636768555,8062,-0.16490754377352324
2,Steam,trees,137,10000,0.9024956226348877,0.6916967643792405,1249794,51927,6354,42534,0.03989103655852522,0.8700294550810015,0.4502810683774256,0.5934328108323044,1280516,21205,11830,37058,0.016289973043378727,0.7580183276059564,0.636046890822649,0.6916967643792405,-30722,-0.02360106351514649,5476,-0.11201112747504505
2,Steam,trees,137,20000,0.8634533882141113,0.6899414370922479,1254828,46893,6191,42697,0.03602384842834985,0.8733636066110293,0.47658220783569594,0.6166611302878435,1278018,23703,10658,38230,0.018208971046791134,0.7819914907543773,0.6172799638318829,0.6899414370922479,-23190,-0.01781487738155872,4467,-0.09137211585665195
2,Steam,trees,137,50000,0.7398369312286377,0.6946837427677939,1258902,42819,6170,42718,0.03289414551966205,0.8737931598756341,0.4994096122145972,0.6355663009112887,1274015,27706,8125,40763,0.021284130777639756,0.8338037964326624,0.5953497203113818,0.6946837427677939,-15113,-0.011610014742022293,1955,-0.03998936344297166
2,Steam,trees,137,100000,0.9072009325027466,0.6991935308566832,1262223,39498,6184,42704,0.03034290758157854,0.8735067910325642,0.5195007420744021,0.6515218552139751,1290768,10953,16723,32165,0.00841424544890956,0.6579324169530355,0.7459761584489076,0.6991935308566832,-28545,-0.02192866213266898,10539,-0.21557437407952873
3,Hotwater,tabpfn,137,5000,0.8632552623748779,0.7580861911551994,476269,69161,7838,82853,0.12680087270593843,0.9135746656228292,0.5450353256936861,0.6827465441585464,515058,30372,16792,73899,0.055684505802761124,0.8148438103009119,0.7087205455016256,0.7580861911551994,-38789,-0.0711163669031773,8954,-0.09873085532191728
3,Hotwater,tabpfn,137,10000,0.7924801111221313,0.7940841622525937,489658,55772,8340,82351,0.10225326806372953,0.9080393864881852,0.5962149678185386,0.7198073544450951,523313,22117,16408,74283,0.040549658067946394,0.8190779680453407,0.7705705394190872,0.7940841622525937,-33655,-0.061703609995783136,8068,-0.08896141844284444
3,Hotwater,tabpfn,137,20000,0.6769630312919617,0.7887067208733141,502929,42501,9125,81566,0.07792200649029206,0.8993836213075167,0.6574350955532091,0.7596084895556859,517837,27593,13673,77018,0.05058944319161029,0.8492353155219371,0.7362323273843094,0.7887067208733141,-14908,-0.02733256329868177,4548,-0.050148305785579605
3,Hotwater,tabpfn,137,50000,0.6563372611999512,0.7585418478085852,508590,36840,15465,75226,0.06754303943677466,0.8294759127146023,0.6712651473238984,0.7420311012690068,520468,24962,20026,70665,0.045765726124342265,0.7791842630470499,0.7389649366810629,0.7585418478085852,-11878,-0.021777313312432392,4561,-0.050291649667552396
3,Hotwater,tabpfn,137,100000,0.5539127588272095,0.7400554157775726,513353,32077,18836,71855,0.058810479804924556,0.7923057414737956,0.691365508216911,0.7384019360507237,517438,27992,20980,69711,0.051320976110591644,0.7686650274007344,0.7134990737234271,0.7400554157775726,-4085,-0.007489503694332912,2144,-0.02364071407306123
3,Hotwater,trees,137,5000,0.8503103256225586,0.7293273174733389,480370,65060,9696,80995,0.11928203435821279,0.8930875169531707,0.5545513676354797,0.6842354253081362,512205,33225,19567,71124,0.06091524118585336,0.7842454047259375,0.6815973320300147,0.7293273174733389,-31835,-0.058366793172359425,9871,-0.10884211222723317
3,Hotwater,trees,137,10000,0.7863837480545044,0.7371294276349764,491213,54217,12339,78352,0.099402306437123,0.8639446031028437,0.5910280684021151,0.7018901728925915,516291,29139,20747,69944,0.053423904075683405,0.7712341908237863,0.705913224266524,0.7371294276349764,-25078,-0.045978402361439595,8408,-0.09271041227905741
3,Hotwater,trees,137,20000,0.7409506440162659,0.7559079094754929,498817,46613,14215,76476,0.08546101241222522,0.8432589782889152,0.6213065342963222,0.7154644962110582,521723,23707,21183,69508,0.043464789248849535,0.766426657551466,0.7456739795097356,0.7559079094754929,-22906,-0.04199622316337568,6968,-0.07683232073744917
3,Hotwater,trees,137,50000,0.7396552562713623,0.7673638406944429,501423,44007,15283,75408,0.08068313074088335,0.8314827270622223,0.631478457480216,0.7178091058798893,524793,20637,21385,69306,0.03783620262911831,0.764199314154657,0.7705546846336013,0.7673638406944429,-23370,-0.042846928111765034,6102,-0.06728341290756523
3,Hotwater,trees,137,100000,0.7266824245452881,0.7701151351623121,506646,38784,16376,74315,0.07110719982399208,0.8194308145240432,0.6570791961025296,0.7293292114431523,526042,19388,21763,68928,0.03554626624864786,0.7600313151249848,0.7804701299877712,0.7701151351623121,-19396,-0.03556093357534422,5387,-0.05939949939905842
