building_seed,K,context_rows,anomalies,normals,anomaly_rate,full_anomalies,full_normals,observed_building_count,raw_index_sha256,selected_building_sha256,meter_composition_json
42,10,5000,2500,2500,0.5,5662,141626,10,29c85a571706a065b31e40dc9c0898e8f55eae145cc66888b1bb3d0fb191cbf8,b7ef075724ac3377788bb6fc1c48aa80c24a8bd4d052d4a68766a7219115524a,"{""0"":{""anomalies"":2038,""anomaly_rate"":0.5890173410404624,""rows"":3460},""1"":{""anomalies"":131,""anomaly_rate"":0.1949404761904762,""rows"":672},""2"":{""anomalies"":77,""anomaly_rate"":0.2086720867208672,""rows"":369},""3"":{""anomalies"":254,""anomaly_rate"":0.5090180360721442,""rows"":499}}"
42,20,10000,5000,5000,0.5,13392,271009,20,160a1971bdbf5572a68bd1d293fda82dd2cee435b888f617fd4bed2e238f4c22,61b1c3085303f9f6fc7f132bcd24b23a29dab8e6f006441d3c099e1a465755c4,"{""0"":{""anomalies"":2270,""anomaly_rate"":0.42493448146761514,""rows"":5342},""1"":{""anomalies"":2328,""anomaly_rate"":0.6924449732302201,""rows"":3362},""2"":{""anomalies"":148,""anomaly_rate"":0.24143556280587275,""rows"":613},""3"":{""anomalies"":254,""anomaly_rate"":0.3718887262079063,""rows"":683}}"
42,50,25000,12500,12500,0.5,36127,628254,50,7983487b4b373ae49c7e506e6b134f5ea518c2b2b2729435bd983687a9b1faa6,a32746bf4dc71ca6b7a3df6806052d0a1f70301c41dbd98a44edd5e3da6b4dcd,"{""0"":{""anomalies"":6590,""anomaly_rate"":0.46006702038536723,""rows"":14324},""1"":{""anomalies"":4093,""anomaly_rate"":0.6203394968172173,""rows"":6598},""2"":{""anomalies"":887,""anomaly_rate"":0.4059496567505721,""rows"":2185},""3"":{""anomalies"":930,""anomaly_rate"":0.49128367670364503,""rows"":1893}}"
42,100,50000,25000,25000,0.5,92304,1322152,100,cd9f7858501140e3c9e1a85e9fbe0f69652fa4a970ece92a8999a9e9fb722240,0c388f30d1d5c8e198ab68e67d67ea3edc2bf66eca541d06444ada532d226657,"{""0"":{""anomalies"":12821,""anomaly_rate"":0.46385672937771344,""rows"":27640},""1"":{""anomalies"":6599,""anomaly_rate"":0.5543514784946236,""rows"":11904},""2"":{""anomalies"":3757,""anomaly_rate"":0.5640294250112595,""rows"":6661},""3"":{""anomalies"":1823,""anomaly_rate"":0.480368906455863,""rows"":3795}}"
43,10,5000,2500,2500,0.5,8962,166354,10,da87182216eddb1c92b681c88fc1f98082c4a6029a17e42b8e61f85fe6410b5d,452bed9f8bbf9d5ed3e73a5538ef81b282f6f55c5bb2c2e37bc2b0c2f0d685f6,"{""0"":{""anomalies"":1303,""anomaly_rate"":0.5113814756671899,""rows"":2548},""1"":{""anomalies"":866,""anomaly_rate"":0.6321167883211679,""rows"":1370},""2"":{""anomalies"":266,""anomaly_rate"":0.3604336043360434,""rows"":738},""3"":{""anomalies"":65,""anomaly_rate"":0.18895348837209303,""rows"":344}}"
43,20,10000,5000,5000,0.5,10089,293908,20,4913e44cbea27e7cc8ca95b3965498f36da3a2005cc922ab4e2efc0b43d81ac6,edc3342004951da4b8ea176688d0ef96bc5dc767a73b3dd26b62b836a3280533,"{""0"":{""anomalies"":2433,""anomaly_rate"":0.45681562147953436,""rows"":5326},""1"":{""anomalies"":1679,""anomaly_rate"":0.6584313725490196,""rows"":2550},""2"":{""anomalies"":778,""anomaly_rate"":0.4958572339069471,""rows"":1569},""3"":{""anomalies"":110,""anomaly_rate"":0.1981981981981982,""rows"":555}}"
43,50,25000,12500,12500,0.5,57286,614413,50,2f423148a9d583a7be9b0eac2692e5721ee22e041c13f24fee4356e8fb4841f4,136bd7d7cb3a649f6ee8c95daf08b08a105b6b859c43191c348a5817d0aed43a,"{""0"":{""anomalies"":6598,""anomaly_rate"":0.4483250662499151,""rows"":14717},""1"":{""anomalies"":4604,""anomaly_rate"":0.7016153611703749,""rows"":6562},""2"":{""anomalies"":845,""anomaly_rate"":0.3782452999104745,""rows"":2234},""3"":{""anomalies"":453,""anomaly_rate"":0.304640215198386,""rows"":1487}}"
43,100,50000,25000,25000,0.5,100301,1284684,100,8af4917932019d6573dfd6bc381f7c4dd9599da3f0c73f222b72e30f3c39bac1,f35c0144fe61b153beaf947dbad1163cf7cdc007a31cf2746705002fefdf3728,"{""0"":{""anomalies"":12468,""anomaly_rate"":0.4399124973537506,""rows"":28342},""1"":{""anomalies"":9823,""anomaly_rate"":0.6721176873075607,""rows"":14615},""2"":{""anomalies"":1826,""anomaly_rate"":0.4040716972781589,""rows"":4519},""3"":{""anomalies"":883,""anomaly_rate"":0.3498415213946117,""rows"":2524}}"
44,10,5000,2500,2500,0.5,12596,140656,10,21511a30e551893a0c7d128b9a7692d1e1611ad6fad8007a4ea80dce7c72cd19,b7addce65d0a717e30edd8e0211766907853d6ee0f4bd51f292ee4e3c85e7e7d,"{""0"":{""anomalies"":788,""anomaly_rate"":0.3480565371024735,""rows"":2264},""1"":{""anomalies"":1525,""anomaly_rate"":0.7721518987341772,""rows"":1975},""2"":{""anomalies"":127,""anomaly_rate"":0.31435643564356436,""rows"":404},""3"":{""anomalies"":60,""anomaly_rate"":0.16806722689075632,""rows"":357}}"
44,20,10000,5000,5000,0.5,16139,274661,20,42a67dde0236e7efea76d1585e86f76887709c50d7525c465a7fdeab5fafec93,45e543d9060ada3f6fa4dadaefefb34ff4318c711ad013c651d83205f183a02c,"{""0"":{""anomalies"":1522,""anomaly_rate"":0.3354639629711263,""rows"":4537},""1"":{""anomalies"":2470,""anomaly_rate"":0.7211678832116788,""rows"":3425},""2"":{""anomalies"":910,""anomaly_rate"":0.6169491525423729,""rows"":1475},""3"":{""anomalies"":98,""anomaly_rate"":0.17406749555950266,""rows"":563}}"
44,50,25000,12500,12500,0.5,46592,618603,50,fae722f243cc9c7e5738c975611af50fe33d4e652c3860bdbd1589c448a133fd,97f4d28d2165eb4b0e80f4803152f6cfa762f05ef58066546bf84b9129d24186,"{""0"":{""anomalies"":6639,""anomaly_rate"":0.4491273170071709,""rows"":14782},""1"":{""anomalies"":4537,""anomaly_rate"":0.6642752562225476,""rows"":6830},""2"":{""anomalies"":1226,""anomaly_rate"":0.47208317289179824,""rows"":2597},""3"":{""anomalies"":98,""anomaly_rate"":0.12389380530973451,""rows"":791}}"
44,100,50000,25000,25000,0.5,84739,1266703,100,82c6fb9cdf61ed222cce3bf1439760d178eb4382be7c4e027095264f3cf601af,ff0158882216b8fd379f6b420690c1f0142c65d3a4ef5bee88c45d01111401fa,"{""0"":{""anomalies"":12392,""anomaly_rate"":0.4398225377107365,""rows"":28175},""1"":{""anomalies"":8319,""anomaly_rate"":0.6307050796057619,""rows"":13190},""2"":{""anomalies"":2635,""anomaly_rate"":0.4653832567997174,""rows"":5662},""3"":{""anomalies"":1654,""anomaly_rate"":0.5563403969054826,""rows"":2973}}"
45,10,5000,2500,2500,0.5,15773,155676,10,d83d1fc497ed5a256a5b916d98ea77fd5d85acd6a7702aab0d57c38be781f4fc,4bb2103ece4a87c0e661711d8c981fd15537bfd0df8ca8428840cd128dcd30cb,"{""0"":{""anomalies"":997,""anomaly_rate"":0.4331016507384883,""rows"":2302},""1"":{""anomalies"":605,""anomaly_rate"":0.48711755233494364,""rows"":1242},""2"":{""anomalies"":145,""anomaly_rate"":0.2894211576846307,""rows"":501},""3"":{""anomalies"":753,""anomaly_rate"":0.7884816753926701,""rows"":955}}"
45,20,10000,5000,5000,0.5,17455,263753,20,690e6447708cf7bc19647793df4d6e2fede7e747b3894de983e23f3bd58b4fef,c219835b15a4310fa883debfc4714528d92192ae65734f438910655a4fa1881b,"{""0"":{""anomalies"":1908,""anomaly_rate"":0.39243109831345124,""rows"":4862},""1"":{""anomalies"":1448,""anomaly_rate"":0.5819935691318328,""rows"":2488},""2"":{""anomalies"":275,""anomaly_rate"":0.3186558516801854,""rows"":863},""3"":{""anomalies"":1369,""anomaly_rate"":0.7660884163402351,""rows"":1787}}"
45,50,25000,12500,12500,0.5,43683,638050,50,d097566e6f947b12640cad955ba52a8da27ac21430b042027f9cbc6da5d1d330,af2992d71aa6f0057f2d7bf813689158a56f70467a30592fb4e29ff8002fa427,"{""0"":{""anomalies"":5669,""anomaly_rate"":0.4216437337300112,""rows"":13445},""1"":{""anomalies"":4474,""anomaly_rate"":0.6365964712578258,""rows"":7028},""2"":{""anomalies"":365,""anomaly_rate"":0.22392638036809817,""rows"":1630},""3"":{""anomalies"":1992,""anomaly_rate"":0.6876078702105627,""rows"":2897}}"
45,100,50000,25000,25000,0.5,99863,1351995,100,948544bb1ca6348226dd305961ad98157848315a90b9edd5ac30f7704641613c,545cc2c5e722e12da72092a7bd0d85f7c84c9ec833c2560a009aaf1f0d1c30ff,"{""0"":{""anomalies"":10566,""anomaly_rate"":0.4137525942749736,""rows"":25537},""1"":{""anomalies"":8795,""anomaly_rate"":0.6344225636586598,""rows"":13863},""2"":{""anomalies"":2464,""anomaly_rate"":0.4536917694715522,""rows"":5431},""3"":{""anomalies"":3175,""anomaly_rate"":0.6142387308957246,""rows"":5169}}"
46,10,5000,2500,2500,0.5,5952,156427,10,7e712babbd0fb1cd27e0fab88992697ce0d8eb437bc667eba50d3cdcb18ece83,ead42107d41ec80563dbbe0782a093e128fdcf89e2f7e677fa49d4bf74608814,"{""0"":{""anomalies"":1768,""anomaly_rate"":0.5785340314136126,""rows"":3056},""1"":{""anomalies"":495,""anomaly_rate"":0.4248927038626609,""rows"":1165},""2"":{""anomalies"":87,""anomaly_rate"":0.24033149171270718,""rows"":362},""3"":{""anomalies"":150,""anomaly_rate"":0.3597122302158273,""rows"":417}}"
46,20,10000,5000,5000,0.5,16934,292989,20,88ef0dce733854e9ac2046a931283419e3719b21f5ada66d14ea1cd6afdd4aae,f5573ea471fb621577ece6bd8d4b21de4a8f379547b42b420c0af83a10f7c5ab,"{""0"":{""anomalies"":2484,""anomaly_rate"":0.47251284002282673,""rows"":5257},""1"":{""anomalies"":590,""anomaly_rate"":0.37177063642091995,""rows"":1587},""2"":{""anomalies"":1761,""anomaly_rate"":0.7383647798742138,""rows"":2385},""3"":{""anomalies"":165,""anomaly_rate"":0.2140077821011673,""rows"":771}}"
46,50,25000,12500,12500,0.5,67748,691870,50,511dffc7078317413b2aef89a0bef6efdb73659cb217569dd3a6b33ce82d3213,3f16604a96a428723a2a811b0ed1c91c99679fc86cdf80c46810f4884dea11ef,"{""0"":{""anomalies"":6386,""anomaly_rate"":0.4828733459357278,""rows"":13225},""1"":{""anomalies"":3663,""anomaly_rate"":0.5739580068943905,""rows"":6382},""2"":{""anomalies"":1870,""anomaly_rate"":0.5393712143063167,""rows"":3467},""3"":{""anomalies"":581,""anomaly_rate"":0.3016614745586708,""rows"":1926}}"
46,100,50000,25000,25000,0.5,103500,1310974,100,b4d6683a70f3a88eb384da35858a6641522d1aa0e9dff4812105d526313a0109,35c694a38f83e37dce51b48dfab07271b20b971273fa3f0b7bdfaaa60293e0d0,"{""0"":{""anomalies"":12419,""anomaly_rate"":0.45807974622846814,""rows"":27111},""1"":{""anomalies"":9284,""anomaly_rate"":0.6475552765571598,""rows"":14337},""2"":{""anomalies"":2454,""anomaly_rate"":0.4109864344330933,""rows"":5971},""3"":{""anomalies"":843,""anomaly_rate"":0.3266175900813638,""rows"":2581}}"
47,10,5000,2500,2500,0.5,11087,160469,10,3dcee15705d899dfb35aa78f5a217e4de9c5d131b77ee71fbfd17eb53dc4bfa5,47209e4e196703d119017168df31b010ee47b5185709435fdc22c1c9ed7f8333,"{""0"":{""anomalies"":1074,""anomaly_rate"":0.4539306846999155,""rows"":2366},""1"":{""anomalies"":224,""anomaly_rate"":0.26198830409356727,""rows"":855},""2"":{""anomalies"":149,""anomaly_rate"":0.2754158964879852,""rows"":541},""3"":{""anomalies"":1053,""anomaly_rate"":0.8505654281098546,""rows"":1238}}"
47,20,10000,5000,5000,0.5,14235,310785,20,b8db1f2fc9f6a7d5ae8e9bd426cffa801771e777f316bf685b1e680075b68030,b7c0e4ee7fd8ad6c0dbc3c6090945f49b5585c9feaf31207378c56a06646cdee,"{""0"":{""anomalies"":1953,""anomaly_rate"":0.42236159169550175,""rows"":4624},""1"":{""anomalies"":544,""anomaly_rate"":0.33559531153608885,""rows"":1621},""2"":{""anomalies"":631,""anomaly_rate"":0.4016549968173138,""rows"":1571},""3"":{""anomalies"":1872,""anomaly_rate"":0.8571428571428571,""rows"":2184}}"
47,50,25000,12500,12500,0.5,53673,753313,50,be4b168a723d459d0eae3685175f2a85e03955782dd9f6de574291e180107ad5,25d82605face7a351d5b26aed924de1a1019975d1e9accb7647955905b2a13e0,"{""0"":{""anomalies"":4642,""anomaly_rate"":0.4111967401895651,""rows"":11289},""1"":{""anomalies"":3469,""anomaly_rate"":0.5368307025688641,""rows"":6462},""2"":{""anomalies"":1579,""anomaly_rate"":0.4571511291256514,""rows"":3454},""3"":{""anomalies"":2810,""anomaly_rate"":0.7404479578392622,""rows"":3795}}"
47,100,50000,25000,25000,0.5,101053,1436122,100,4db3b0d2c1ea1519cc628387470fb5b6bbbef7ae98390ed17fa65cf07d678b9c,8ef855794489ecd0a9ae8049084222eef19a222dd2e117281cbffabb230302c7,"{""0"":{""anomalies"":9043,""anomaly_rate"":0.39516692885859117,""rows"":22884},""1"":{""anomalies"":8110,""anomaly_rate"":0.5934870106110501,""rows"":13665},""2"":{""anomalies"":2552,""anomaly_rate"":0.40805884234090184,""rows"":6254},""3"":{""anomalies"":5295,""anomaly_rate"":0.7357232180075032,""rows"":7197}}"
48,10,5000,2500,2500,0.5,17418,120278,10,b4e6c6c28358130775ad6183160a83ef0bad844501ec0d3db4771680ea7dbbf4,45b4147fc26501c19ae57ba8ce0556ddca404e04d42ad29903249b5d14973c1e,"{""0"":{""anomalies"":540,""anomaly_rate"":0.2598652550529355,""rows"":2078},""1"":{""anomalies"":1182,""anomaly_rate"":0.7552715654952077,""rows"":1565},""2"":{""anomalies"":718,""anomaly_rate"":0.7440414507772021,""rows"":965},""3"":{""anomalies"":60,""anomaly_rate"":0.15306122448979592,""rows"":392}}"
48,20,10000,5000,5000,0.5,29070,260647,20,d078e8d5f7962ad3de3b1183216fa5386d6a416795a3d9f2b8299d3b95d6bab3,9bae6dfd38036697fa4ad266c36cb0d43442e182c6b4b71556a878e4b5b69dec,"{""0"":{""anomalies"":1143,""anomaly_rate"":0.27662149080348497,""rows"":4132},""1"":{""anomalies"":1451,""anomaly_rate"":0.592486729277256,""rows"":2449},""2"":{""anomalies"":1112,""anomaly_rate"":0.6293152235427278,""rows"":1767},""3"":{""anomalies"":1294,""anomaly_rate"":0.7832929782082324,""rows"":1652}}"
48,50,25000,12500,12500,0.5,75617,589740,50,3160b49cbec8011c0642a6b0e40e41f69be6550b8fb8b79c9addcebd6adc16ed,7cc9439fcee94144fab468a5e5c6250e8ad4ae6ef5d9141d32feaab6319f43e1,"{""0"":{""anomalies"":4927,""anomaly_rate"":0.38417153996101366,""rows"":12825},""1"":{""anomalies"":4849,""anomaly_rate"":0.6821890827236916,""rows"":7108},""2"":{""anomalies"":1357,""anomaly_rate"":0.4569023569023569,""rows"":2970},""3"":{""anomalies"":1367,""anomaly_rate"":0.6518836432999523,""rows"":2097}}"
48,100,50000,25000,25000,0.5,105416,1286947,100,835aefff47f13cef57add134d36f49342807f77cdadb55240a79f1b038de6b56,24b41b27a8f25d55392ff9d90aab9c62dc5d93101da77e64007fddbba75057a0,"{""0"":{""anomalies"":11741,""anomaly_rate"":0.43278410556968555,""rows"":27129},""1"":{""anomalies"":7817,""anomaly_rate"":0.63091202582728,""rows"":12390},""2"":{""anomalies"":2368,""anomaly_rate"":0.39037256841411144,""rows"":6066},""3"":{""anomalies"":3074,""anomaly_rate"":0.6962627406568517,""rows"":4415}}"
49,10,5000,2500,2500,0.5,9829,153451,10,74832c456559cc31e63bb413044b1a63f89d7fd531b32305988a4aba7a9aa993,b001db0800e3e3817aae9cbf739302e10ff84a9eb4420f654fc05c31ebbb4c41,"{""0"":{""anomalies"":1057,""anomaly_rate"":0.4415204678362573,""rows"":2394},""1"":{""anomalies"":1096,""anomaly_rate"":0.685428392745466,""rows"":1599},""2"":{""anomalies"":105,""anomaly_rate"":0.19886363636363635,""rows"":528},""3"":{""anomalies"":242,""anomaly_rate"":0.5052192066805845,""rows"":479}}"
49,20,10000,5000,5000,0.5,13190,287450,20,b0c8a5ce2cd8184d01168d81455a13846685dbc395863d4e9c8e356efdf2a5a7,e9adc177bf5f32cf35839b704745ab6541984b564eb9f2b1ae2e55b610981b6f,"{""0"":{""anomalies"":2593,""anomaly_rate"":0.4724854227405248,""rows"":5488},""1"":{""anomalies"":1701,""anomaly_rate"":0.7222929936305732,""rows"":2355},""2"":{""anomalies"":334,""anomaly_rate"":0.2781015820149875,""rows"":1201},""3"":{""anomalies"":372,""anomaly_rate"":0.3891213389121339,""rows"":956}}"
49,50,25000,12500,12500,0.5,45204,657436,50,3ae24f005bff5f7cc8b0189ccc744d6e1a2aeb710627ab8cc3027efe1a738d65,bccdbf180ed11396429c6c90d8be3ce978dc7efc92e6cc9a08137505a953591c,"{""0"":{""anomalies"":7413,""anomaly_rate"":0.4955545156761816,""rows"":14959},""1"":{""anomalies"":4213,""anomaly_rate"":0.6945268710847345,""rows"":6066},""2"":{""anomalies"":414,""anomaly_rate"":0.16077669902912622,""rows"":2575},""3"":{""anomalies"":460,""anomaly_rate"":0.32857142857142857,""rows"":1400}}"
49,100,50000,25000,25000,0.5,94675,1296132,100,5401b5f565b8b8bde05792655782d22e552169b77b2dcd8b051297caa9def93a,d61f8e91acd1ae575a6308717a083820207722eb5a5477a16b05e00a7f6344b5,"{""0"":{""anomalies"":11740,""anomaly_rate"":0.4310471434865619,""rows"":27236},""1"":{""anomalies"":8666,""anomaly_rate"":0.6468612375905053,""rows"":13397},""2"":{""anomalies"":2307,""anomaly_rate"":0.41144997324772603,""rows"":5607},""3"":{""anomalies"":2287,""anomaly_rate"":0.6082446808510639,""rows"":3760}}"
50,10,5000,2500,2500,0.5,10804,144579,10,a200dd7a7b5b1b47c4af3b7915ddbb19d3e67e2a02825544c168932fc42a3057,ba73f983b60ce68a3b1fea44b2e410d6ab2bc48c52d9e42181cf0f7b98c15f6d,"{""0"":{""anomalies"":1071,""anomaly_rate"":0.43029329047810366,""rows"":2489},""1"":{""anomalies"":252,""anomaly_rate"":0.294049008168028,""rows"":857},""2"":{""anomalies"":76,""anomaly_rate"":0.2222222222222222,""rows"":342},""3"":{""anomalies"":1101,""anomaly_rate"":0.8391768292682927,""rows"":1312}}"
50,20,10000,5000,5000,0.5,27499,282845,20,5c15fc48fab3383696d1da8b6fb0a9fa529bb58ec8b53671e4ed0c290df45e71,0de8db4b899174eeeb9bbec3cc0c900c2af8ef894ce2d217c5c56f0af2ff9a9f,"{""0"":{""anomalies"":1937,""anomaly_rate"":0.41655913978494624,""rows"":4650},""1"":{""anomalies"":351,""anomaly_rate"":0.24391938846421127,""rows"":1439},""2"":{""anomalies"":530,""anomaly_rate"":0.3943452380952381,""rows"":1344},""3"":{""anomalies"":2182,""anomaly_rate"":0.8500194779898714,""rows"":2567}}"
50,50,25000,12500,12500,0.5,56329,697516,50,c370a14d9f00c751476cfb8793730c6053057fce95ddbe7e1429d5cd1d344f7e,968938f3ca78207f63542ca5472485d108bef9dd83c89c0bd0a2c6ce53850f7d,"{""0"":{""anomalies"":6394,""anomaly_rate"":0.4753903345724907,""rows"":13450},""1"":{""anomalies"":1840,""anomaly_rate"":0.4021857923497268,""rows"":4575},""2"":{""anomalies"":1267,""anomaly_rate"":0.40582959641255606,""rows"":3122},""3"":{""anomalies"":2999,""anomaly_rate"":0.7783545289384894,""rows"":3853}}"
50,100,50000,25000,25000,0.5,95740,1333030,100,802917fce73e1c3f49ee66707ff2123964bb305be6882af4db3d9eadc81786b6,70ab2c83d5fb66c3143a2221a3753caff8f61fbd8d6d9cf7e2c9f710e1fce258,"{""0"":{""anomalies"":13360,""anomaly_rate"":0.47382607462051357,""rows"":28196},""1"":{""anomalies"":5634,""anomaly_rate"":0.5118095930232558,""rows"":11008},""2"":{""anomalies"":2388,""anomaly_rate"":0.41059147180192573,""rows"":5816},""3"":{""anomalies"":3618,""anomaly_rate"":0.7265060240963855,""rows"":4980}}"
51,10,5000,2500,2500,0.5,11351,152271,10,8f54ded6f4b9a0129c1873266a1d636eb357a704ac8010059e92932fc4204970,797f377f4167bad7a236327db1eb9581c5a9d9bc72a97c8066a0360cadf303ca,"{""0"":{""anomalies"":1034,""anomaly_rate"":0.43083333333333335,""rows"":2400},""1"":{""anomalies"":1100,""anomaly_rate"":0.655933214072749,""rows"":1677},""2"":{""anomalies"":202,""anomaly_rate"":0.42083333333333334,""rows"":480},""3"":{""anomalies"":164,""anomaly_rate"":0.37020316027088035,""rows"":443}}"
51,20,10000,5000,5000,0.5,13799,264148,20,147c71c1027b9628bc60c3de21ac57c26a899be3e2f01cc172b27b387a283dde,d2256dbdbd6441351f41a892a4eae04ba9af8f2a7af7b0dcf0a3d583a508471d,"{""0"":{""anomalies"":2543,""anomaly_rate"":0.46489945155393053,""rows"":5470},""1"":{""anomalies"":1828,""anomaly_rate"":0.6580273578113751,""rows"":2778},""2"":{""anomalies"":348,""anomaly_rate"":0.355464759959142,""rows"":979},""3"":{""anomalies"":281,""anomaly_rate"":0.36351875808538164,""rows"":773}}"
51,50,25000,12500,12500,0.5,39285,632494,50,3ef9bb3bfe83ccd26a98c43b13a72209aa28e0414c49af5f35c03b3bafada4bc,d867c4fa4dfd6a276ec68211952ecddb7fe6cbf5a41ef1605ec9bae60d2ec80c,"{""0"":{""anomalies"":7718,""anomaly_rate"":0.5085996705107084,""rows"":15175},""1"":{""anomalies"":3437,""anomaly_rate"":0.5607766356665035,""rows"":6129},""2"":{""anomalies"":442,""anomaly_rate"":0.24929498025944727,""rows"":1773},""3"":{""anomalies"":903,""anomaly_rate"":0.46957878315132606,""rows"":1923}}"
51,100,50000,25000,25000,0.5,97175,1255284,100,1fbb8598fd3c6e650dff658e531b62196a609079935c79e8aa12c98b5a15f8a3,f1b28facfbdab05b9bb511ade60101a248cafe0bc86fad9791028676c6cb5ba4,"{""0"":{""anomalies"":11181,""anomaly_rate"":0.41763783056925147,""rows"":26772},""1"":{""anomalies"":10062,""anomaly_rate"":0.6734939759036145,""rows"":14940},""2"":{""anomalies"":2333,""anomaly_rate"":0.4657616290676782,""rows"":5009},""3"":{""anomalies"":1424,""anomaly_rate"":0.4342787435193657,""rows"":3279}}"
