building_seed,K,building_id,selected_rows,selected_anomalies,selected_normals,selected_anomaly_rate
42,10,428,139,0,139,0.0
42,10,1110,160,11,149,0.06875
42,10,202,576,102,474,0.17708333333333334
42,10,1336,449,53,396,0.11804008908685969
42,10,930,266,110,156,0.41353383458646614
42,10,28,1671,1497,174,0.895870736086176
42,10,1258,1215,675,540,0.5555555555555556
42,10,378,151,0,151,0.0
42,10,580,148,0,148,0.0
42,10,674,225,52,173,0.2311111111111111
42,20,428,148,0,148,0.0
42,20,1110,169,11,158,0.0650887573964497
42,20,202,599,102,497,0.17028380634390652
42,20,1336,465,53,412,0.11397849462365592
42,20,930,273,110,163,0.40293040293040294
42,20,28,1681,1497,184,0.8905413444378346
42,20,1258,1258,675,583,0.5365659777424483
42,20,378,155,0,155,0.0
42,20,580,158,0,158,0.0
42,20,674,231,52,179,0.22510822510822512
42,20,810,145,0,145,0.0
42,20,146,158,2,156,0.012658227848101266
42,20,408,172,0,172,0.0
42,20,1130,2318,2120,198,0.91458153580673
42,20,768,167,0,167,0.0
42,20,224,509,19,490,0.03732809430255403
42,20,1380,265,3,262,0.011320754716981131
42,20,942,678,229,449,0.33775811209439527
42,20,496,172,0,172,0.0
42,20,1066,279,127,152,0.4551971326164875
42,50,428,164,0,164,0.0
42,50,1110,179,11,168,0.061452513966480445
42,50,202,628,102,526,0.1624203821656051
42,50,1336,493,53,440,0.1075050709939148
42,50,930,282,110,172,0.3900709219858156
42,50,28,1695,1497,198,0.8831858407079646
42,50,1258,1291,675,616,0.52285050348567
42,50,378,166,0,166,0.0
42,50,580,165,0,165,0.0
42,50,674,242,52,190,0.21487603305785125
42,50,810,153,0,153,0.0
42,50,146,175,2,173,0.011428571428571429
42,50,408,182,0,182,0.0
42,50,1130,2397,2186,211,0.9119732999582811
42,50,768,173,0,173,0.0
42,50,224,533,21,512,0.039399624765478425
42,50,1380,277,3,274,0.010830324909747292
42,50,942,712,237,475,0.33286516853932585
42,50,496,181,0,181,0.0
42,50,1066,292,132,160,0.4520547945205479
42,50,30,1345,1091,254,0.8111524163568773
42,50,1282,245,64,181,0.2612244897959184
42,50,1024,65,12,53,0.18461538461538463
42,50,1214,532,3,529,0.005639097744360902
42,50,400,163,0,163,0.0
42,50,578,181,0,181,0.0
42,50,682,165,0,165,0.0
42,50,274,174,0,174,0.0
42,50,1330,141,0,141,0.0
42,50,546,162,0,162,0.0
42,50,904,571,418,153,0.7320490367775832
42,50,804,299,150,149,0.5016722408026756
42,50,1182,202,1,201,0.0049504950495049506
42,50,78,1350,1107,243,0.82
42,50,520,182,0,182,0.0
42,50,1228,1104,563,541,0.509963768115942
42,50,268,488,100,388,0.20491803278688525
42,50,790,355,37,318,0.10422535211267606
42,50,634,153,0,153,0.0
42,50,336,200,1,199,0.005
42,50,704,229,27,202,0.11790393013100436
42,50,1432,134,1,133,0.007462686567164179
42,50,940,260,89,171,0.3423076923076923
42,50,1190,182,3,179,0.016483516483516484
42,50,132,190,3,187,0.015789473684210527
42,50,502,158,0,158,0.0
42,50,6,1245,1143,102,0.9180722891566265
42,50,190,912,427,485,0.4682017543859649
42,50,776,962,481,481,0.5
42,50,1232,2271,1698,573,0.7476882430647291
42,100,428,164,0,164,0.0
42,100,1110,179,11,168,0.061452513966480445
42,100,202,628,102,526,0.1624203821656051
42,100,1336,493,53,440,0.1075050709939148
42,100,930,282,110,172,0.3900709219858156
42,100,28,1695,1497,198,0.8831858407079646
42,100,1258,1291,675,616,0.52285050348567
42,100,378,166,0,166,0.0
42,100,580,165,0,165,0.0
42,100,674,242,52,190,0.21487603305785125
42,100,810,153,0,153,0.0
42,100,146,175,2,173,0.011428571428571429
42,100,408,182,0,182,0.0
42,100,1130,2397,2186,211,0.9119732999582811
42,100,768,173,0,173,0.0
42,100,224,533,21,512,0.039399624765478425
42,100,1380,277,3,274,0.010830324909747292
42,100,942,712,237,475,0.33286516853932585
42,100,496,181,0,181,0.0
42,100,1066,292,132,160,0.4520547945205479
42,100,30,1345,1091,254,0.8111524163568773
42,100,1282,245,64,181,0.2612244897959184
42,100,1024,65,12,53,0.18461538461538463
42,100,1214,532,3,529,0.005639097744360902
42,100,400,163,0,163,0.0
42,100,578,181,0,181,0.0
42,100,682,165,0,165,0.0
42,100,274,174,0,174,0.0
42,100,1330,141,0,141,0.0
42,100,546,162,0,162,0.0
42,100,904,571,418,153,0.7320490367775832
42,100,804,299,150,149,0.5016722408026756
42,100,1182,202,1,201,0.0049504950495049506
42,100,78,1350,1107,243,0.82
42,100,520,182,0,182,0.0
42,100,1228,1104,563,541,0.509963768115942
42,100,268,488,100,388,0.20491803278688525
42,100,790,355,37,318,0.10422535211267606
42,100,634,153,0,153,0.0
42,100,336,200,1,199,0.005
42,100,704,229,27,202,0.11790393013100436
42,100,1432,134,1,133,0.007462686567164179
42,100,940,260,89,171,0.3423076923076923
42,100,1190,182,3,179,0.016483516483516484
42,100,132,190,3,187,0.015789473684210527
42,100,502,158,0,158,0.0
42,100,6,1245,1143,102,0.9180722891566265
42,100,190,912,427,485,0.4682017543859649
42,100,776,962,481,481,0.5
42,100,1232,2271,1698,573,0.7476882430647291
42,100,540,154,0,154,0.0
42,100,1168,472,11,461,0.023305084745762712
42,100,872,197,70,127,0.3553299492385787
42,100,1360,298,27,271,0.09060402684563758
42,100,944,207,61,146,0.2946859903381642
42,100,358,148,0,148,0.0
42,100,648,152,0,152,0.0
42,100,716,176,16,160,0.09090909090909091
42,100,234,518,0,518,0.0
42,100,1058,149,1,148,0.006711409395973154
42,100,440,154,1,153,0.006493506493506494
42,100,1128,220,57,163,0.2590909090909091
42,100,84,853,762,91,0.8933177022274326
42,100,1250,2423,2099,324,0.8662814692529922
42,100,1346,261,0,261,0.0
42,100,996,693,243,450,0.35064935064935066
42,100,320,167,1,166,0.005988023952095809
42,100,1022,2220,1928,292,0.8684684684684685
42,100,216,1250,822,428,0.6576
42,100,1092,440,2,438,0.004545454545454545
42,100,112,1487,1261,226,0.8480161398789509
42,100,394,153,1,152,0.006535947712418301
42,100,644,153,0,153,0.0
42,100,700,192,21,171,0.109375
42,100,820,199,45,154,0.22613065326633167
42,100,98,1141,960,181,0.8413672217353199
42,100,1374,149,9,140,0.06040268456375839
42,100,402,156,0,156,0.0
42,100,972,1239,813,426,0.6561743341404358
42,100,1224,556,85,471,0.1528776978417266
42,100,1156,477,3,474,0.006289308176100629
42,100,232,352,6,346,0.017045454545454544
42,100,308,161,0,161,0.0
42,100,748,324,30,294,0.09259259259259259
42,100,1032,445,1,444,0.0022471910112359553
42,100,1328,240,2,238,0.008333333333333333
42,100,382,162,0,162,0.0
42,100,956,659,197,462,0.29893778452200304
42,100,586,144,0,144,0.0
42,100,740,1958,1958,0,1.0
42,100,1146,314,2,312,0.006369426751592357
42,100,80,807,717,90,0.8884758364312267
42,100,158,161,0,161,0.0
42,100,430,154,6,148,0.03896103896103896
42,100,1286,582,132,450,0.2268041237113402
42,100,866,206,61,145,0.2961165048543689
42,100,1036,141,1,140,0.0070921985815602835
42,100,368,165,0,165,0.0
42,100,1094,562,88,474,0.15658362989323843
42,100,1358,409,0,409,0.0
43,10,416,133,0,133,0.0
43,10,1200,242,0,242,0.0
43,10,240,520,107,413,0.20576923076923076
43,10,880,952,559,393,0.5871848739495799
43,10,1390,259,0,259,0.0
43,10,92,1128,940,188,0.8333333333333334
43,10,1294,1344,869,475,0.6465773809523809
43,10,556,130,3,127,0.023076923076923078
43,10,616,122,0,122,0.0
43,10,696,170,22,148,0.12941176470588237
43,20,416,146,0,146,0.0
43,20,1200,294,6,288,0.02040816326530612
43,20,240,637,185,452,0.2904238618524333
43,20,880,1461,1014,447,0.6940451745379876
43,20,1390,298,0,298,0.0
43,20,92,1871,1658,213,0.8861571352218065
43,20,1294,2078,1536,542,0.739172281039461
43,20,556,166,8,158,0.04819277108433735
43,20,616,141,0,141,0.0
43,20,696,206,36,170,0.17475728155339806
43,20,846,147,0,147,0.0
43,20,132,159,3,156,0.018867924528301886
43,20,432,157,5,152,0.03184713375796178
43,20,1110,155,15,140,0.0967741935483871
43,20,788,156,0,156,0.0
43,20,210,440,13,427,0.029545454545454545
43,20,996,941,521,420,0.5536663124335813
43,20,1442,254,0,254,0.0
43,20,438,159,0,159,0.0
43,20,1054,134,0,134,0.0
43,50,416,176,0,176,0.0
43,50,1200,347,6,341,0.01729106628242075
43,50,240,718,185,533,0.2576601671309192
43,50,880,1555,1014,541,0.6520900321543408
43,50,1390,362,0,362,0.0
43,50,92,1919,1658,261,0.8639916623241272
43,50,1294,2181,1536,645,0.7042640990371389
43,50,556,202,8,194,0.039603960396039604
43,50,616,170,0,170,0.0
43,50,696,233,36,197,0.15450643776824036
43,50,846,176,0,176,0.0
43,50,132,190,3,187,0.015789473684210527
43,50,432,182,5,177,0.027472527472527472
43,50,1110,183,15,168,0.08196721311475409
43,50,788,177,0,177,0.0
43,50,210,520,13,507,0.025
43,50,996,1026,521,505,0.5077972709551657
43,50,1442,303,0,303,0.0
43,50,438,182,0,182,0.0
43,50,1054,161,0,161,0.0
43,50,38,632,519,113,0.8212025316455697
43,50,1300,762,269,493,0.3530183727034121
43,50,1010,217,20,197,0.09216589861751152
43,50,1134,139,3,136,0.02158273381294964
43,50,440,173,1,172,0.005780346820809248
43,50,590,688,587,101,0.8531976744186046
43,50,740,1403,1403,0,1.0
43,50,278,221,42,179,0.19004524886877827
43,50,352,172,0,172,0.0
43,50,982,218,42,176,0.1926605504587156
43,50,1420,328,13,315,0.039634146341463415
43,50,814,190,37,153,0.19473684210526315
43,50,1144,820,517,303,0.6304878048780488
43,50,68,612,507,105,0.8284313725490197
43,50,314,227,55,172,0.2422907488986784
43,50,1266,634,87,547,0.13722397476340695
43,50,274,175,0,175,0.0
43,50,800,1281,880,401,0.6869633099141296
43,50,574,151,0,151,0.0
43,50,334,160,0,160,0.0
43,50,678,226,67,159,0.29646017699115046
43,50,892,232,55,177,0.23706896551724138
43,50,1402,282,5,277,0.01773049645390071
43,50,1190,181,0,181,0.0
43,50,124,186,8,178,0.043010752688172046
43,50,550,193,0,193,0.0
43,50,26,666,562,104,0.8438438438438438
43,50,174,378,3,375,0.007936507936507936
43,50,778,1395,1192,203,0.8544802867383513
43,50,1268,1095,626,469,0.5716894977168949
43,100,416,176,0,176,0.0
43,100,1200,347,6,341,0.01729106628242075
43,100,240,718,185,533,0.2576601671309192
43,100,880,1555,1014,541,0.6520900321543408
43,100,1390,362,0,362,0.0
43,100,92,1919,1658,261,0.8639916623241272
43,100,1294,2181,1536,645,0.7042640990371389
43,100,556,202,8,194,0.039603960396039604
43,100,616,170,0,170,0.0
43,100,696,233,36,197,0.15450643776824036
43,100,846,176,0,176,0.0
43,100,132,190,3,187,0.015789473684210527
43,100,432,182,5,177,0.027472527472527472
43,100,1110,183,15,168,0.08196721311475409
43,100,788,177,0,177,0.0
43,100,210,520,13,507,0.025
43,100,996,1026,521,505,0.5077972709551657
43,100,1442,303,0,303,0.0
43,100,438,182,0,182,0.0
43,100,1054,161,0,161,0.0
43,100,38,860,747,113,0.8686046511627907
43,100,1300,855,362,493,0.4233918128654971
43,100,1010,227,30,197,0.13215859030837004
43,100,1134,140,4,136,0.02857142857142857
43,100,440,173,1,172,0.005780346820809248
43,100,590,934,833,101,0.8918629550321199
43,100,740,1969,1969,0,1.0
43,100,278,242,63,179,0.2603305785123967
43,100,352,172,0,172,0.0
43,100,982,232,56,176,0.2413793103448276
43,100,1420,336,21,315,0.0625
43,100,814,198,45,153,0.22727272727272727
43,100,1144,1027,724,303,0.7049659201557936
43,100,68,822,717,105,0.8722627737226277
43,100,314,245,73,172,0.2979591836734694
43,100,1266,670,123,547,0.18358208955223881
43,100,274,175,0,175,0.0
43,100,800,1639,1238,401,0.7553386211104332
43,100,574,151,0,151,0.0
43,100,334,160,0,160,0.0
43,100,678,257,98,159,0.38132295719844356
43,100,892,260,83,177,0.3192307692307692
43,100,1402,290,13,277,0.04482758620689655
43,100,1190,184,3,181,0.016304347826086956
43,100,124,191,13,178,0.06806282722513089
43,100,550,193,0,193,0.0
43,100,26,872,768,104,0.8807339449541285
43,100,174,379,4,375,0.010554089709762533
43,100,778,1831,1628,203,0.8891316220644456
43,100,1268,1383,914,469,0.660882140274765
43,100,368,175,0,175,0.0
43,100,1098,924,477,447,0.5162337662337663
43,100,856,383,231,152,0.6031331592689295
43,100,970,228,73,155,0.3201754385964912
43,100,1410,302,16,286,0.052980132450331126
43,100,428,146,0,146,0.0
43,100,650,160,0,160,0.0
43,100,690,177,16,161,0.0903954802259887
43,100,220,566,57,509,0.10070671378091872
43,100,1036,150,1,149,0.006666666666666667
43,100,414,146,0,146,0.0
43,100,1082,199,35,164,0.17587939698492464
43,100,0,866,763,103,0.8810623556581986
43,100,1284,615,141,474,0.22926829268292684
43,100,896,669,142,527,0.21225710014947682
43,100,1444,142,2,140,0.014084507042253521
43,100,494,181,3,178,0.016574585635359115
43,100,1022,2260,1951,309,0.8632743362831858
43,100,160,157,0,157,0.0
43,100,1146,339,2,337,0.0058997050147492625
43,100,130,164,0,164,0.0
43,100,346,173,0,173,0.0
43,100,570,156,0,156,0.0
43,100,720,170,8,162,0.047058823529411764
43,100,804,250,113,137,0.452
43,100,96,959,740,219,0.7716371220020855
43,100,886,1458,1049,409,0.7194787379972565
43,100,486,163,6,157,0.03680981595092025
43,100,1440,119,0,119,0.0
43,100,1288,688,262,426,0.3808139534883721
43,100,1070,351,2,349,0.005698005698005698
43,100,238,390,90,300,0.23076923076923078
43,100,444,162,0,162,0.0
43,100,756,171,1,170,0.005847953216374269
43,100,1030,521,45,476,0.08637236084452975
43,100,932,1009,584,425,0.578790882061447
43,100,388,168,0,168,0.0
43,100,1348,428,16,412,0.037383177570093455
43,100,614,153,0,153,0.0
43,100,682,155,0,155,0.0
43,100,1206,483,25,458,0.051759834368530024
43,100,52,835,732,103,0.8766467065868263
43,100,290,540,235,305,0.4351851851851852
43,100,324,162,0,162,0.0
43,100,1272,1629,1237,392,0.7593615715162676
43,100,864,269,115,154,0.4275092936802974
43,100,1046,168,0,168,0.0
43,100,478,169,0,169,0.0
43,100,1208,458,130,328,0.2838427947598253
43,100,916,664,170,494,0.2560240963855422
44,10,514,158,0,158,0.0
44,10,1166,164,0,164,0.0
44,10,192,1534,1187,347,0.7737940026075619
44,10,1350,746,380,366,0.5093833780160858
44,10,922,589,142,447,0.24108658743633277
44,10,26,761,673,88,0.8843626806833115
44,10,1224,553,79,474,0.14285714285714285
44,10,324,153,0,153,0.0
44,10,628,150,0,150,0.0
44,10,668,192,39,153,0.203125
44,20,514,158,0,158,0.0
44,20,1166,165,1,164,0.006060606060606061
44,20,192,2225,1878,347,0.8440449438202248
44,20,1350,974,608,366,0.6242299794661191
44,20,922,660,213,447,0.32272727272727275
44,20,26,1137,1049,88,0.9226033421284081
44,20,1224,611,137,474,0.22422258592471359
44,20,324,153,0,153,0.0
44,20,628,150,0,150,0.0
44,20,668,222,69,153,0.3108108108108108
44,20,806,209,58,151,0.27751196172248804
44,20,148,190,41,149,0.21578947368421053
44,20,416,157,0,157,0.0
44,20,1176,1148,691,457,0.6019163763066202
44,20,750,611,148,463,0.24222585924713586
44,20,234,518,0,518,0.0
44,20,1432,120,1,119,0.008333333333333333
44,20,970,256,105,151,0.41015625
44,20,304,195,0,195,0.0
44,20,1036,141,1,140,0.0070921985815602835
44,50,514,174,0,174,0.0
44,50,1166,184,1,183,0.005434782608695652
44,50,192,2269,1878,391,0.8276773909211106
44,50,1350,1014,608,406,0.5996055226824457
44,50,922,725,213,512,0.29379310344827586
44,50,26,1151,1049,102,0.9113814074717637
44,50,1224,650,137,513,0.21076923076923076
44,50,324,172,0,172,0.0
44,50,628,160,0,160,0.0
44,50,668,236,69,167,0.2923728813559322
44,50,806,225,58,167,0.2577777777777778
44,50,148,208,41,167,0.1971153846153846
44,50,416,175,0,175,0.0
44,50,1176,1196,691,505,0.5777591973244147
44,50,750,666,148,518,0.2222222222222222
44,50,234,589,0,589,0.0
44,50,1432,134,1,133,0.007462686567164179
44,50,970,275,105,170,0.38181818181818183
44,50,304,216,0,216,0.0
44,50,1036,158,1,157,0.006329113924050633
44,50,104,898,793,105,0.8830734966592427
44,50,1314,400,239,161,0.5975
44,50,1004,185,10,175,0.05405405405405406
44,50,1190,182,3,179,0.016483516483516484
44,50,488,174,0,174,0.0
44,50,640,191,0,191,0.0
44,50,662,181,19,162,0.10497237569060773
44,50,242,196,0,196,0.0
44,50,1440,128,0,128,0.0
44,50,546,162,0,162,0.0
44,50,966,700,169,531,0.24142857142857144
44,50,850,214,63,151,0.29439252336448596
44,50,1128,256,63,193,0.24609375
44,50,96,1046,808,238,0.7724665391969407
44,50,392,197,0,197,0.0
44,50,1310,750,237,513,0.316
44,50,270,283,4,279,0.014134275618374558
44,50,794,593,46,547,0.0775716694772344
44,50,622,171,0,171,0.0
44,50,376,152,18,134,0.11842105263157894
44,50,696,216,20,196,0.09259259259259259
44,50,1376,294,0,294,0.0
44,50,990,470,136,334,0.28936170212765955
44,50,1160,1941,1750,191,0.9015971148892323
44,50,128,160,3,157,0.01875
44,50,486,169,6,163,0.03550295857988166
44,50,32,936,816,120,0.8717948717948718
44,50,218,1972,1951,21,0.9893509127789046
44,50,766,546,192,354,0.3516483516483517
44,50,1286,660,154,506,0.23333333333333334
44,100,514,174,0,174,0.0
44,100,1166,184,1,183,0.005434782608695652
44,100,192,2269,1878,391,0.8276773909211106
44,100,1350,1014,608,406,0.5996055226824457
44,100,922,725,213,512,0.29379310344827586
44,100,26,1151,1049,102,0.9113814074717637
44,100,1224,650,137,513,0.21076923076923076
44,100,324,172,0,172,0.0
44,100,628,160,0,160,0.0
44,100,668,236,69,167,0.2923728813559322
44,100,806,225,58,167,0.2577777777777778
44,100,148,208,41,167,0.1971153846153846
44,100,416,175,0,175,0.0
44,100,1176,1196,691,505,0.5777591973244147
44,100,750,666,148,518,0.2222222222222222
44,100,234,589,0,589,0.0
44,100,1432,134,1,133,0.007462686567164179
44,100,970,275,105,170,0.38181818181818183
44,100,304,216,0,216,0.0
44,100,1036,158,1,157,0.006329113924050633
44,100,104,1059,954,105,0.9008498583569405
44,100,1314,458,297,161,0.648471615720524
44,100,1004,187,12,175,0.06417112299465241
44,100,1190,182,3,179,0.016483516483516484
44,100,488,174,0,174,0.0
44,100,640,191,0,191,0.0
44,100,662,182,20,162,0.10989010989010989
44,100,242,196,0,196,0.0
44,100,1440,128,0,128,0.0
44,100,546,162,0,162,0.0
44,100,966,731,200,531,0.27359781121751026
44,100,850,227,76,151,0.33480176211453744
44,100,1128,269,76,193,0.2825278810408922
44,100,96,1199,961,238,0.8015012510425354
44,100,392,198,1,197,0.005050505050505051
44,100,1310,793,280,513,0.3530895334174023
44,100,270,283,4,279,0.014134275618374558
44,100,794,603,56,547,0.09286898839137644
44,100,622,171,0,171,0.0
44,100,376,157,23,134,0.1464968152866242
44,100,696,220,24,196,0.10909090909090909
44,100,1376,294,0,294,0.0
44,100,990,488,154,334,0.3155737704918033
44,100,1160,2261,2070,191,0.9155241043785936
44,100,128,160,3,157,0.01875
44,100,486,170,7,163,0.041176470588235294
44,100,32,1101,981,120,0.8910081743869209
44,100,218,2279,2258,21,0.9907854322071084
44,100,766,583,229,354,0.3927958833619211
44,100,1286,697,191,506,0.27403156384505023
44,100,434,167,0,167,0.0
44,100,1118,192,0,192,0.0
44,100,814,209,61,148,0.291866028708134
44,100,1372,142,0,142,0.0
44,100,916,731,224,507,0.3064295485636115
44,100,396,189,0,189,0.0
44,100,566,170,1,169,0.0058823529411764705
44,100,712,183,28,155,0.15300546448087432
44,100,254,885,403,482,0.4553672316384181
44,100,1060,151,1,150,0.006622516556291391
44,100,310,202,8,194,0.039603960396039604
44,100,1142,1130,846,284,0.7486725663716814
44,100,58,1149,1037,112,0.9025239338555265
44,100,1238,1449,1038,411,0.7163561076604554
44,100,1422,149,0,149,0.0
44,100,924,748,231,517,0.3088235294117647
44,100,544,176,0,176,0.0
44,100,1006,125,1,124,0.008
44,100,182,153,5,148,0.032679738562091505
44,100,1104,1157,719,438,0.6214347450302506
44,100,152,700,581,119,0.83
44,100,404,200,19,181,0.095
44,100,600,154,0,154,0.0
44,100,730,213,61,152,0.2863849765258216
44,100,818,244,88,156,0.36065573770491804
44,100,100,1118,1002,116,0.8962432915921288
44,100,1334,298,0,298,0.0
44,100,492,210,38,172,0.18095238095238095
44,100,896,721,180,541,0.24965325936199723
44,100,1258,1040,449,591,0.43173076923076925
44,100,1108,316,11,305,0.03481012658227848
44,100,176,1452,1003,449,0.690771349862259
44,100,440,168,1,167,0.005952380952380952
44,100,768,168,0,168,0.0
44,100,1032,490,2,488,0.004081632653061225
44,100,1434,267,0,267,0.0
44,100,370,186,0,186,0.0
44,100,910,719,250,469,0.3477051460361613
44,100,644,164,0,164,0.0
44,100,684,277,115,162,0.4151624548736462
44,100,1216,455,91,364,0.2
44,100,52,1074,964,110,0.8975791433891993
44,100,290,602,291,311,0.4833887043189369
44,100,338,180,0,180,0.0
44,100,1324,1641,1258,383,0.7666057282145033
44,100,852,234,94,140,0.4017094017094017
44,100,1040,156,0,156,0.0
44,100,308,171,0,171,0.0
44,100,1192,199,19,180,0.09547738693467336
44,100,1390,346,0,346,0.0
45,10,530,138,0,138,0.0
45,10,1098,693,337,356,0.4862914862914863
45,10,176,924,555,369,0.6006493506493507
45,10,996,569,170,399,0.29876977152899825
45,10,1424,245,8,237,0.0326530612244898
45,10,76,773,549,224,0.7102199223803364
45,10,1234,1210,869,341,0.7181818181818181
45,10,434,141,0,141,0.0
45,10,744,161,12,149,0.07453416149068323
45,10,606,146,0,146,0.0
45,20,530,164,0,164,0.0
45,20,1098,1058,604,454,0.5708884688090737
45,20,176,1438,995,443,0.691933240611961
45,20,996,793,314,479,0.39596469104665827
45,20,1424,291,15,276,0.05154639175257732
45,20,76,1249,983,266,0.7870296236989591
45,20,1234,1980,1594,386,0.805050505050505
45,20,434,165,0,165,0.0
45,20,744,196,22,174,0.11224489795918367
45,20,606,180,0,180,0.0
45,20,836,126,0,126,0.0
45,20,128,154,3,151,0.01948051948051948
45,20,346,173,0,173,0.0
45,20,1084,605,303,302,0.5008264462809917
45,20,786,186,52,134,0.27956989247311825
45,20,232,366,6,360,0.01639344262295082
45,20,892,271,107,164,0.3948339483394834
45,20,1378,286,2,284,0.006993006993006993
45,20,300,142,0,142,0.0
45,20,1052,177,0,177,0.0
45,50,530,170,0,170,0.0
45,50,1098,1076,604,472,0.5613382899628253
45,50,176,1447,995,452,0.6876295784381479
45,50,996,808,314,494,0.3886138613861386
45,50,1424,299,15,284,0.05016722408026756
45,50,76,1257,983,274,0.7820206841686556
45,50,1234,1996,1594,402,0.7985971943887775
45,50,434,169,0,169,0.0
45,50,744,200,22,178,0.11
45,50,606,185,0,185,0.0
45,50,836,130,0,130,0.0
45,50,128,158,3,155,0.0189873417721519
45,50,346,179,0,179,0.0
45,50,1084,620,303,317,0.48870967741935484
45,50,786,194,52,142,0.26804123711340205
45,50,232,385,6,379,0.015584415584415584
45,50,892,276,107,169,0.38768115942028986
45,50,1378,304,2,302,0.006578947368421052
45,50,300,149,0,149,0.0
45,50,1052,186,0,186,0.0
45,50,10,1076,968,108,0.8996282527881041
45,50,1310,766,271,495,0.3537859007832898
45,50,1010,242,50,192,0.2066115702479339
45,50,1070,371,3,368,0.008086253369272238
45,50,430,173,7,166,0.04046242774566474
45,50,674,217,31,186,0.14285714285714285
45,50,600,159,0,159,0.0
45,50,266,182,4,178,0.02197802197802198
45,50,938,217,62,155,0.2857142857142857
45,50,328,181,0,181,0.0
45,50,1408,284,0,284,0.0
45,50,810,151,0,151,0.0
45,50,1130,2113,1906,207,0.9020350212967345
45,50,68,1052,947,105,0.9001901140684411
45,50,372,160,0,160,0.0
45,50,1278,373,242,131,0.6487935656836461
45,50,184,468,0,468,0.0
45,50,796,772,269,503,0.3484455958549223
45,50,714,181,23,158,0.1270718232044199
45,50,496,178,0,178,0.0
45,50,622,167,0,167,0.0
45,50,914,682,190,492,0.2785923753665689
45,50,1434,276,0,276,0.0
45,50,1132,206,54,152,0.2621359223300971
45,50,134,190,2,188,0.010526315789473684
45,50,508,174,1,173,0.005747126436781609
45,50,98,1427,1228,199,0.8605466012613875
45,50,254,879,390,489,0.44368600682593856
45,50,760,212,0,212,0.0
45,50,1276,1283,852,431,0.6640685892439595
45,100,530,170,0,170,0.0
45,100,1098,1076,604,472,0.5613382899628253
45,100,176,1447,995,452,0.6876295784381479
45,100,996,808,314,494,0.3886138613861386
45,100,1424,299,15,284,0.05016722408026756
45,100,76,1257,983,274,0.7820206841686556
45,100,1234,1996,1594,402,0.7985971943887775
45,100,434,169,0,169,0.0
45,100,744,200,22,178,0.11
45,100,606,185,0,185,0.0
45,100,836,130,0,130,0.0
45,100,128,158,3,155,0.0189873417721519
45,100,346,179,0,179,0.0
45,100,1084,620,303,317,0.48870967741935484
45,100,786,194,52,142,0.26804123711340205
45,100,232,385,6,379,0.015584415584415584
45,100,892,276,107,169,0.38768115942028986
45,100,1378,304,2,302,0.006578947368421052
45,100,300,149,0,149,0.0
45,100,1052,186,0,186,0.0
45,100,10,1076,968,108,0.8996282527881041
45,100,1310,766,271,495,0.3537859007832898
45,100,1010,242,50,192,0.2066115702479339
45,100,1070,371,3,368,0.008086253369272238
45,100,430,173,7,166,0.04046242774566474
45,100,674,217,31,186,0.14285714285714285
45,100,600,159,0,159,0.0
45,100,266,182,4,178,0.02197802197802198
45,100,938,217,62,155,0.2857142857142857
45,100,328,181,0,181,0.0
45,100,1408,284,0,284,0.0
45,100,810,151,0,151,0.0
45,100,1130,2113,1906,207,0.9020350212967345
45,100,68,1052,947,105,0.9001901140684411
45,100,372,160,0,160,0.0
45,100,1278,373,242,131,0.6487935656836461
45,100,184,468,0,468,0.0
45,100,796,772,269,503,0.3484455958549223
45,100,714,181,23,158,0.1270718232044199
45,100,496,178,0,178,0.0
45,100,622,167,0,167,0.0
45,100,914,682,190,492,0.2785923753665689
45,100,1434,276,0,276,0.0
45,100,1132,206,54,152,0.2621359223300971
45,100,134,190,2,188,0.010526315789473684
45,100,508,174,1,173,0.005747126436781609
45,100,98,1427,1228,199,0.8605466012613875
45,100,254,879,390,489,0.44368600682593856
45,100,760,212,0,212,0.0
45,100,1276,1283,852,431,0.6640685892439595
45,100,380,145,0,145,0.0
45,100,1136,304,3,301,0.009868421052631578
45,100,822,248,93,155,0.375
45,100,958,578,158,420,0.27335640138408307
45,100,1360,298,27,271,0.09060402684563758
45,100,536,167,2,165,0.011976047904191617
45,100,664,153,16,137,0.10457516339869281
45,100,610,158,0,158,0.0
45,100,218,1775,1759,16,0.9909859154929578
45,100,1036,141,1,140,0.0070921985815602835
45,100,368,165,0,165,0.0
45,100,1106,345,3,342,0.008695652173913044
45,100,56,852,769,83,0.9025821596244131
45,100,1242,654,230,424,0.3516819571865443
45,100,976,604,155,449,0.25662251655629137
45,100,1348,389,16,373,0.04113110539845758
45,100,472,141,0,141,0.0
45,100,1022,2220,1928,292,0.8684684684684685
45,100,250,855,447,408,0.5228070175438596
45,100,1166,162,0,162,0.0
45,100,124,167,13,154,0.07784431137724551
45,100,458,147,3,144,0.02040816326530612
45,100,660,169,5,164,0.029585798816568046
45,100,616,151,0,151,0.0
45,100,858,180,45,135,0.25
45,100,66,824,741,83,0.8992718446601942
45,100,918,606,147,459,0.24257425742574257
45,100,488,149,0,149,0.0
45,100,1400,281,0,281,0.0
45,100,1244,1028,625,403,0.607976653696498
45,100,1162,476,3,473,0.0063025210084033615
45,100,168,484,27,457,0.05578512396694215
45,100,332,162,0,162,0.0
45,100,762,1755,1596,159,0.9094017094017094
45,100,1030,501,44,457,0.08782435129740519
45,100,888,612,177,435,0.28921568627450983
45,100,402,156,0,156,0.0
45,100,1438,293,18,275,0.06143344709897611
45,100,698,171,11,160,0.06432748538011696
45,100,594,186,0,186,0.0
45,100,1074,320,0,320,0.0
45,100,0,854,753,101,0.8817330210772834
45,100,192,1690,1348,342,0.7976331360946746
45,100,556,170,3,167,0.01764705882352941
45,100,1232,1619,1118,501,0.6905497220506486
45,100,816,194,67,127,0.34536082474226804
45,100,1048,158,1,157,0.006329113924050633
45,100,406,167,0,167,0.0
45,100,1210,452,6,446,0.01327433628318584
45,100,878,524,142,382,0.27099236641221375
46,10,300,120,0,120,0.0
46,10,1146,283,4,279,0.014134275618374558
46,10,220,534,97,437,0.18164794007490637
46,10,920,704,285,419,0.40482954545454547
46,10,1358,365,0,365,0.0
46,10,38,1527,1436,91,0.9404060248853962
46,10,1318,920,532,388,0.5782608695652174
46,10,498,136,0,136,0.0
46,10,732,283,146,137,0.5159010600706714
46,10,584,128,0,128,0.0
46,20,300,132,0,132,0.0
46,20,1146,305,4,301,0.013114754098360656
46,20,220,560,97,463,0.1732142857142857
46,20,920,726,285,441,0.3925619834710744
46,20,1358,392,0,392,0.0
46,20,38,1529,1436,93,0.9391759319816874
46,20,1318,940,532,408,0.5659574468085107
46,20,498,144,0,144,0.0
46,20,732,290,146,144,0.503448275862069
46,20,584,135,0,135,0.0
46,20,826,373,222,151,0.5951742627345844
46,20,114,711,440,271,0.6188466947960619
46,20,334,128,0,128,0.0
46,20,1080,491,46,445,0.09368635437881874
46,20,758,1808,1620,188,0.8960176991150443
46,20,232,338,6,332,0.01775147928994083
46,20,890,603,165,438,0.2736318407960199
46,20,1340,126,0,126,0.0
46,20,466,132,0,132,0.0
46,20,1036,137,1,136,0.0072992700729927005
46,50,300,136,0,136,0.0
46,50,1146,326,4,322,0.012269938650306749
46,50,220,591,97,494,0.16412859560067683
46,50,920,742,285,457,0.38409703504043125
46,50,1358,424,0,424,0.0
46,50,38,1536,1436,100,0.9348958333333334
46,50,1318,972,532,440,0.5473251028806584
46,50,498,157,0,157,0.0
46,50,732,299,146,153,0.4882943143812709
46,50,584,153,0,153,0.0
46,50,826,388,222,166,0.5721649484536082
46,50,114,728,440,288,0.6043956043956044
46,50,334,139,0,139,0.0
46,50,1080,527,46,481,0.0872865275142315
46,50,758,1822,1620,202,0.889132821075741
46,50,232,356,6,350,0.016853932584269662
46,50,890,631,165,466,0.26148969889064977
46,50,1340,133,0,133,0.0
46,50,466,139,0,139,0.0
46,50,1036,143,1,142,0.006993006993006993
46,50,100,585,478,107,0.8170940170940171
46,50,1310,606,142,464,0.23432343234323433
46,50,1016,149,10,139,0.06711409395973154
46,50,1218,478,12,466,0.02510460251046025
46,50,550,163,0,163,0.0
46,50,664,154,12,142,0.07792207792207792
46,50,616,154,0,154,0.0
46,50,224,481,11,470,0.02286902286902287
46,50,978,914,458,456,0.5010940919037199
46,50,296,170,7,163,0.041176470588235294
46,50,1342,685,313,372,0.4569343065693431
46,50,852,184,53,131,0.28804347826086957
46,50,1208,405,87,318,0.21481481481481482
46,50,8,604,518,86,0.8576158940397351
46,50,424,154,0,154,0.0
46,50,1324,996,640,356,0.642570281124498
46,50,250,707,289,418,0.4087694483734088
46,50,796,616,145,471,0.2353896103896104
46,50,698,174,8,166,0.04597701149425287
46,50,398,175,0,175,0.0
46,50,648,154,0,154,0.0
46,50,882,184,31,153,0.16847826086956522
46,50,1374,148,5,143,0.033783783783783786
46,50,1078,597,293,304,0.490787269681742
46,50,144,1012,813,199,0.8033596837944664
46,50,362,152,0,152,0.0
46,50,24,594,495,99,0.8333333333333334
46,50,180,2273,2243,30,0.9868015838099428
46,50,782,166,4,162,0.024096385542168676
46,50,1276,824,433,391,0.5254854368932039
46,100,300,144,0,144,0.0
46,100,1146,352,4,348,0.011363636363636364
46,100,220,611,97,514,0.15875613747954173
46,100,920,768,285,483,0.37109375
46,100,1358,448,0,448,0.0
46,100,38,1542,1436,106,0.9312581063553826
46,100,1318,997,532,465,0.5336008024072216
46,100,498,171,0,171,0.0
46,100,732,307,146,161,0.4755700325732899
46,100,584,163,0,163,0.0
46,100,826,399,222,177,0.556390977443609
46,100,114,741,440,301,0.5937921727395412
46,100,334,151,0,151,0.0
46,100,1080,554,46,508,0.08303249097472924
46,100,758,1831,1620,211,0.8847624249044238
46,100,232,368,6,362,0.016304347826086956
46,100,890,658,165,493,0.2507598784194529
46,100,1340,141,0,141,0.0
46,100,466,147,0,147,0.0
46,100,1036,153,1,152,0.006535947712418301
46,100,100,865,749,116,0.8658959537572254
46,100,1310,707,220,487,0.31117397454031115
46,100,1016,158,12,146,0.0759493670886076
46,100,1218,503,15,488,0.02982107355864811
46,100,550,182,0,182,0.0
46,100,664,168,18,150,0.10714285714285714
46,100,616,166,0,166,0.0
46,100,224,512,14,498,0.02734375
46,100,978,1201,719,482,0.5986677768526228
46,100,296,183,13,170,0.07103825136612021
46,100,1342,845,455,390,0.5384615384615384
46,100,852,218,78,140,0.3577981651376147
46,100,1208,467,131,336,0.28051391862955033
46,100,8,905,814,91,0.8994475138121547
46,100,424,166,0,166,0.0
46,100,1324,1380,998,382,0.7231884057971014
46,100,250,910,468,442,0.5142857142857142
46,100,796,707,213,494,0.3012729844413013
46,100,698,191,12,179,0.06282722513089005
46,100,398,183,0,183,0.0
46,100,648,163,0,163,0.0
46,100,882,208,49,159,0.23557692307692307
46,100,1374,160,10,150,0.0625
46,100,1078,792,477,315,0.6022727272727273
46,100,144,1515,1307,208,0.8627062706270627
46,100,362,161,0,161,0.0
46,100,24,870,765,105,0.8793103448275862
46,100,180,3564,3531,33,0.9907407407407407
46,100,782,180,5,175,0.027777777777777776
46,100,1276,1099,674,425,0.6132848043676069
46,100,298,182,1,181,0.005494505494505495
46,100,1134,134,4,130,0.029850746268656716
46,100,836,129,0,129,0.0
46,100,948,643,159,484,0.24727838258164853
46,100,1326,412,0,412,0.0
46,100,530,167,0,167,0.0
46,100,718,169,17,152,0.10059171597633136
46,100,636,151,0,151,0.0
46,100,252,1503,1275,228,0.8483033932135728
46,100,1044,184,1,183,0.005434782608695652
46,100,534,167,11,156,0.0658682634730539
46,100,1156,513,3,510,0.005847953216374269
46,100,30,999,757,242,0.7577577577577578
46,100,1280,1187,921,266,0.7759056444818871
46,100,988,202,47,155,0.23267326732673269
46,100,1362,282,0,282,0.0
46,100,332,182,0,182,0.0
46,100,1014,158,7,151,0.04430379746835443
46,100,286,343,12,331,0.03498542274052478
46,100,1178,373,1,372,0.002680965147453083
46,100,124,180,13,167,0.07222222222222222
46,100,344,177,0,177,0.0
46,100,680,207,19,188,0.09178743961352658
46,100,630,154,0,154,0.0
46,100,854,258,113,145,0.437984496124031
46,100,94,925,818,107,0.8843243243243243
46,100,886,1501,1082,419,0.7208527648234511
46,100,490,153,0,153,0.0
46,100,1440,125,0,125,0.0
46,100,1256,500,142,358,0.284
46,100,1204,163,1,162,0.006134969325153374
46,100,170,318,1,317,0.0031446540880503146
46,100,392,187,0,187,0.0
46,100,786,174,40,134,0.22988505747126436
46,100,1028,1433,1083,350,0.7557571528262387
46,100,922,643,164,479,0.25505443234836706
46,100,352,166,0,166,0.0
46,100,1414,345,36,309,0.10434782608695652
46,100,668,210,48,162,0.22857142857142856
46,100,654,161,1,160,0.006211180124223602
46,100,1120,174,5,169,0.028735632183908046
46,100,48,548,441,107,0.8047445255474452
46,100,178,329,3,326,0.00911854103343465
46,100,544,175,0,175,0.0
46,100,1270,1056,627,429,0.59375
46,100,872,208,71,137,0.34134615384615385
46,100,1066,242,88,154,0.36363636363636365
46,100,440,168,1,167,0.005952380952380952
46,100,1172,359,37,322,0.10306406685236769
46,100,956,706,203,503,0.28753541076487255
47,10,554,136,0,136,0.0
47,10,1220,538,96,442,0.17843866171003717
47,10,210,407,3,404,0.007371007371007371
47,10,948,543,156,387,0.287292817679558
47,10,1326,340,0,340,0.0
47,10,88,871,791,80,0.9081515499425947
47,10,1302,1737,1432,305,0.8244099021301093
47,10,438,150,0,150,0.0
47,10,712,148,22,126,0.14864864864864866
47,10,624,130,0,130,0.0
47,20,554,145,0,145,0.0
47,20,1220,617,153,464,0.2479740680713128
47,20,210,423,6,417,0.014184397163120567
47,20,948,662,255,407,0.3851963746223565
47,20,1326,357,0,357,0.0
47,20,88,1280,1198,82,0.9359375
47,20,1302,2585,2263,322,0.8754352030947775
47,20,438,157,0,157,0.0
47,20,712,162,32,130,0.19753086419753085
47,20,624,133,0,133,0.0
47,20,864,334,199,135,0.5958083832335329
47,20,124,157,13,144,0.08280254777070063
47,20,496,148,0,148,0.0
47,20,1184,285,6,279,0.021052631578947368
47,20,766,558,276,282,0.4946236559139785
47,20,284,676,324,352,0.47928994082840237
47,20,922,647,249,398,0.3848531684698609
47,20,1386,401,25,376,0.06234413965087282
47,20,300,126,0,126,0.0
47,20,1048,147,1,146,0.006802721088435374
47,50,554,148,0,148,0.0
47,50,1220,626,153,473,0.24440894568690097
47,50,210,435,6,429,0.013793103448275862
47,50,948,677,255,422,0.3766617429837518
47,50,1326,365,0,365,0.0
47,50,88,1281,1198,83,0.9352068696330992
47,50,1302,2591,2263,328,0.8734079505982246
47,50,438,160,0,160,0.0
47,50,712,169,32,137,0.1893491124260355
47,50,624,138,0,138,0.0
47,50,864,338,199,139,0.5887573964497042
47,50,124,159,13,146,0.08176100628930817
47,50,496,149,0,149,0.0
47,50,1184,291,6,285,0.020618556701030927
47,50,766,561,276,285,0.4919786096256685
47,50,284,685,324,361,0.472992700729927
47,50,922,663,249,414,0.3755656108597285
47,50,1386,412,25,387,0.06067961165048544
47,50,300,131,0,131,0.0
47,50,1048,153,1,152,0.006535947712418301
47,50,72,756,655,101,0.8664021164021164
47,50,1310,610,176,434,0.28852459016393445
47,50,1006,110,1,109,0.00909090909090909
47,50,1130,1457,1279,178,0.8778311599176389
47,50,378,138,0,138,0.0
47,50,732,205,64,141,0.3121951219512195
47,50,572,138,0,138,0.0
47,50,184,398,0,398,0.0
47,50,946,526,136,390,0.2585551330798479
47,50,416,147,0,147,0.0
47,50,1352,234,0,234,0.0
47,50,820,179,37,142,0.20670391061452514
47,50,1218,453,13,440,0.02869757174392936
47,50,98,987,816,171,0.8267477203647416
47,50,458,144,3,141,0.020833333333333332
47,50,1266,565,103,462,0.18230088495575222
47,50,244,824,407,417,0.49393203883495146
47,50,790,290,20,270,0.06896551724137931
47,50,666,166,18,148,0.10843373493975904
47,50,358,138,0,138,0.0
47,50,566,149,1,148,0.006711409395973154
47,50,972,1106,712,394,0.64376130198915
47,50,1350,715,373,342,0.5216783216783217
47,50,1190,154,1,153,0.006493506493506494
47,50,138,793,558,235,0.7036569987389659
47,50,550,153,0,153,0.0
47,50,78,809,615,194,0.7601977750309024
47,50,198,332,46,286,0.13855421686746988
47,50,774,1100,731,369,0.6645454545454546
47,50,1246,1092,735,357,0.6730769230769231
47,100,554,159,0,159,0.0
47,100,1220,650,153,497,0.2353846153846154
47,100,210,453,6,447,0.013245033112582781
47,100,948,694,255,439,0.36743515850144093
47,100,1326,382,0,382,0.0
47,100,88,1288,1198,90,0.9301242236024845
47,100,1302,2604,2263,341,0.8690476190476191
47,100,438,162,0,162,0.0
47,100,712,173,32,141,0.18497109826589594
47,100,624,144,0,144,0.0
47,100,864,342,199,143,0.5818713450292398
47,100,124,166,13,153,0.0783132530120482
47,100,496,159,0,159,0.0
47,100,1184,304,6,298,0.019736842105263157
47,100,766,579,276,303,0.47668393782383417
47,100,284,706,324,382,0.45892351274787535
47,100,922,683,249,434,0.3645680819912152
47,100,1386,424,25,399,0.0589622641509434
47,100,300,135,0,135,0.0
47,100,1048,158,1,157,0.006329113924050633
47,100,72,900,796,104,0.8844444444444445
47,100,1310,672,221,451,0.3288690476190476
47,100,1006,113,1,112,0.008849557522123894
47,100,1130,1729,1541,188,0.8912666281087334
47,100,378,144,0,144,0.0
47,100,732,226,78,148,0.34513274336283184
47,100,572,142,0,142,0.0
47,100,184,416,0,416,0.0
47,100,946,588,178,410,0.30272108843537415
47,100,416,156,0,156,0.0
47,100,1352,241,0,241,0.0
47,100,820,199,48,151,0.24120603015075376
47,100,1218,474,15,459,0.03164556962025317
47,100,98,1179,1000,179,0.8481764206955047
47,100,458,148,4,144,0.02702702702702703
47,100,1266,608,129,479,0.21217105263157895
47,100,244,933,499,434,0.5348338692390139
47,100,790,306,24,282,0.0784313725490196
47,100,666,169,20,149,0.11834319526627218
47,100,358,146,0,146,0.0
47,100,566,155,1,154,0.0064516129032258064
47,100,972,1255,839,416,0.6685258964143427
47,100,1350,822,463,359,0.5632603406326034
47,100,1190,162,3,159,0.018518518518518517
47,100,138,923,677,246,0.733477789815818
47,100,550,159,0,159,0.0
47,100,78,984,774,210,0.7865853658536586
47,100,198,349,59,290,0.16905444126074498
47,100,774,1258,865,393,0.6875993640699523
47,100,1246,1282,904,378,0.7051482059282371
47,100,310,177,4,173,0.022598870056497175
47,100,1110,152,8,144,0.05263157894736842
47,100,844,134,5,129,0.03731343283582089
47,100,934,379,107,272,0.28232189973614774
47,100,1336,419,32,387,0.07637231503579953
47,100,486,151,6,145,0.039735099337748346
47,100,680,199,19,180,0.09547738693467336
47,100,638,149,0,149,0.0
47,100,226,463,4,459,0.008639308855291577
47,100,1066,228,89,139,0.39035087719298245
47,100,400,146,0,146,0.0
47,100,1186,320,7,313,0.021875
47,100,92,995,774,221,0.7778894472361809
47,100,1244,1067,669,398,0.626991565135895
47,100,914,594,157,437,0.26430976430976433
47,100,1360,295,29,266,0.09830508474576272
47,100,362,150,0,150,0.0
47,100,1018,2289,2009,280,0.8776758409785933
47,100,206,624,176,448,0.28205128205128205
47,100,1122,529,242,287,0.45746691871455575
47,100,108,588,468,120,0.7959183673469388
47,100,558,156,0,156,0.0
47,100,658,168,15,153,0.08928571428571429
47,100,626,110,2,108,0.01818181818181818
47,100,830,171,18,153,0.10526315789473684
47,100,24,863,767,96,0.8887601390498262
47,100,974,628,152,476,0.24203821656050956
47,100,402,154,0,154,0.0
47,100,1376,265,0,265,0.0
47,100,1284,598,149,449,0.2491638795986622
47,100,1168,462,12,450,0.025974025974025976
47,100,254,741,311,430,0.41970310391363025
47,100,336,174,1,173,0.005747126436781609
47,100,748,318,32,286,0.10062893081761007
47,100,1028,1398,1083,315,0.7746781115879828
47,100,894,613,156,457,0.2544861337683524
47,100,1392,282,30,252,0.10638297872340426
47,100,532,147,0,147,0.0
47,100,686,194,55,139,0.28350515463917525
47,100,588,165,0,165,0.0
47,100,1116,141,0,141,0.0
47,100,10,878,784,94,0.8929384965831435
47,100,200,1951,1623,328,0.831881086622245
47,100,564,149,0,149,0.0
47,100,1278,309,192,117,0.6213592233009708
47,100,872,197,72,125,0.36548223350253806
47,100,1034,157,0,157,0.0
47,100,476,184,25,159,0.1358695652173913
47,100,1176,973,520,453,0.5344295991778006
47,100,940,203,57,146,0.28078817733990147
48,10,388,193,0,193,0.0
48,10,1072,1220,1014,206,0.8311475409836065
48,10,192,1286,879,407,0.6835147744945568
48,10,882,199,31,168,0.15577889447236182
48,10,1364,333,8,325,0.024024024024024024
48,10,42,581,471,110,0.810671256454389
48,10,1262,647,80,567,0.12364760432766615
48,10,384,169,2,167,0.011834319526627219
48,10,616,180,0,180,0.0
48,10,712,192,15,177,0.078125
48,20,388,193,0,193,0.0
48,20,1072,1428,1222,206,0.8557422969187675
48,20,192,1457,1050,407,0.7206588881262869
48,20,882,203,35,168,0.1724137931034483
48,20,1364,336,11,325,0.03273809523809524
48,20,42,666,556,110,0.8348348348348348
48,20,1262,672,105,567,0.15625
48,20,384,169,2,167,0.011834319526627219
48,20,616,180,0,180,0.0
48,20,712,197,20,177,0.10152284263959391
48,20,834,208,61,147,0.2932692307692308
48,20,140,468,345,123,0.7371794871794872
48,20,454,159,0,159,0.0
48,20,1218,473,13,460,0.02748414376321353
48,20,776,667,250,417,0.3748125937031484
48,20,200,1562,1233,329,0.7893725992317542
48,20,892,211,60,151,0.2843601895734597
48,20,1386,416,14,402,0.03365384615384615
48,20,492,182,23,159,0.12637362637362637
48,20,1046,153,0,153,0.0
48,50,388,198,0,198,0.0
48,50,1072,1438,1222,216,0.8497913769123783
48,50,192,1477,1050,427,0.7109004739336493
48,50,882,205,35,170,0.17073170731707318
48,50,1364,347,11,336,0.03170028818443804
48,50,42,671,556,115,0.8286140089418778
48,50,1262,704,105,599,0.14914772727272727
48,50,384,179,2,177,0.0111731843575419
48,50,616,190,0,190,0.0
48,50,712,199,20,179,0.10050251256281408
48,50,834,242,61,181,0.25206611570247933
48,50,140,497,345,152,0.6941649899396378
48,50,454,193,0,193,0.0
48,50,1218,554,13,541,0.023465703971119134
48,50,776,759,250,509,0.32938076416337286
48,50,200,1630,1233,397,0.756441717791411
48,50,892,250,60,190,0.24
48,50,1386,505,14,491,0.027722772277227723
48,50,492,207,23,184,0.1111111111111111
48,50,1046,200,0,200,0.0
48,50,16,626,507,119,0.8099041533546326
48,50,1324,1147,714,433,0.6224934612031386
48,50,1014,174,6,168,0.034482758620689655
48,50,1132,196,36,160,0.1836734693877551
48,50,336,210,0,210,0.0
48,50,626,134,2,132,0.014925373134328358
48,50,738,391,255,136,0.6521739130434783
48,50,180,2547,2503,44,0.9827247742442089
48,50,936,216,39,177,0.18055555555555555
48,50,354,199,0,199,0.0
48,50,1422,175,0,175,0.0
48,50,812,196,45,151,0.22959183673469388
48,50,1130,1330,1104,226,0.8300751879699249
48,50,30,807,531,276,0.6579925650557621
48,50,562,178,5,173,0.028089887640449437
48,50,1288,698,202,496,0.28939828080229224
48,50,280,168,4,164,0.023809523809523808
48,50,790,353,17,336,0.04815864022662889
48,50,620,169,1,168,0.005917159763313609
48,50,412,198,0,198,0.0
48,50,688,193,11,182,0.05699481865284974
48,50,996,724,178,546,0.24585635359116023
48,50,1416,161,0,161,0.0
48,50,1126,401,1,400,0.0024937655860349127
48,50,114,655,322,333,0.4916030534351145
48,50,364,177,0,177,0.0
48,50,64,646,529,117,0.8188854489164087
48,50,160,176,0,176,0.0
48,50,746,170,1,169,0.0058823529411764705
48,50,1226,940,487,453,0.5180851063829788
48,100,388,198,0,198,0.0
48,100,1072,1911,1695,216,0.8869701726844584
48,100,192,1874,1447,427,0.772145144076841
48,100,882,222,52,170,0.23423423423423423
48,100,1364,351,15,336,0.042735042735042736
48,100,42,884,769,115,0.8699095022624435
48,100,1262,740,141,599,0.19054054054054054
48,100,384,179,2,177,0.0111731843575419
48,100,616,190,0,190,0.0
48,100,712,202,23,179,0.11386138613861387
48,100,834,262,81,181,0.30916030534351147
48,100,140,647,495,152,0.7650695517774343
48,100,454,193,0,193,0.0
48,100,1218,556,15,541,0.02697841726618705
48,100,776,856,347,509,0.4053738317757009
48,100,200,2075,1678,397,0.8086746987951807
48,100,892,276,86,190,0.3115942028985507
48,100,1386,508,17,491,0.03346456692913386
48,100,492,214,30,184,0.14018691588785046
48,100,1046,201,1,200,0.004975124378109453
48,100,16,889,770,119,0.8661417322834646
48,100,1324,1470,1037,433,0.7054421768707483
48,100,1014,175,7,168,0.04
48,100,1132,208,48,160,0.23076923076923078
48,100,336,211,1,210,0.004739336492890996
48,100,626,134,2,132,0.014925373134328358
48,100,738,518,382,136,0.7374517374517374
48,100,180,3711,3667,44,0.9881433575855565
48,100,936,234,57,177,0.24358974358974358
48,100,354,199,0,199,0.0
48,100,1422,175,0,175,0.0
48,100,812,228,77,151,0.33771929824561403
48,100,1130,1823,1597,226,0.8760285244103126
48,100,30,1062,786,276,0.7401129943502824
48,100,562,180,7,173,0.03888888888888889
48,100,1288,783,287,496,0.3665389527458493
48,100,280,171,7,164,0.04093567251461988
48,100,790,360,24,336,0.06666666666666667
48,100,620,169,1,168,0.005917159763313609
48,100,412,200,2,198,0.01
48,100,688,206,24,182,0.11650485436893204
48,100,996,808,262,546,0.32425742574257427
48,100,1416,161,0,161,0.0
48,100,1126,401,1,400,0.0024937655860349127
48,100,114,791,458,333,0.5790139064475348
48,100,364,177,0,177,0.0
48,100,64,919,802,117,0.8726877040261154
48,100,160,176,0,176,0.0
48,100,746,172,3,169,0.01744186046511628
48,100,1226,1188,735,453,0.6186868686868687
48,100,448,159,1,158,0.006289308176100629
48,100,1184,310,1,309,0.0032258064516129032
48,100,856,397,252,145,0.6347607052896725
48,100,918,626,156,470,0.24920127795527156
48,100,1414,322,38,284,0.11801242236024845
48,100,550,162,0,162,0.0
48,100,628,149,0,149,0.0
48,100,736,209,36,173,0.1722488038277512
48,100,266,171,4,167,0.023391812865497075
48,100,1058,150,1,149,0.006666666666666667
48,100,418,154,0,154,0.0
48,100,1206,463,27,436,0.058315334773218146
48,100,60,1370,1161,209,0.8474452554744526
48,100,1258,902,360,542,0.3991130820399113
48,100,966,629,163,466,0.2591414944356121
48,100,1340,131,0,131,0.0
48,100,400,148,0,148,0.0
48,100,1020,166,3,163,0.018072289156626505
48,100,164,171,4,167,0.023391812865497075
48,100,1090,511,2,509,0.003913894324853229
48,100,126,165,2,163,0.012121212121212121
48,100,440,156,1,155,0.00641025641025641
48,100,590,978,894,84,0.9141104294478528
48,100,674,198,25,173,0.12626262626262627
48,100,820,204,50,154,0.24509803921568626
48,100,54,886,796,90,0.8984198645598194
48,100,888,631,190,441,0.3011093502377179
48,100,552,174,1,173,0.005747126436781609
48,100,1378,274,2,272,0.0072992700729927005
48,100,1286,601,147,454,0.24459234608985025
48,100,1196,322,0,322,0.0
48,100,226,473,4,469,0.008456659619450317
48,100,514,156,0,156,0.0
48,100,748,329,33,296,0.10030395136778116
48,100,1032,451,1,450,0.0022172949002217295
48,100,928,699,275,424,0.39341917024320455
48,100,554,161,0,161,0.0
48,100,1438,296,18,278,0.060810810810810814
48,100,652,158,0,158,0.0
48,100,658,177,15,162,0.0847457627118644
48,100,1210,458,6,452,0.013100436681222707
48,100,66,891,807,84,0.9057239057239057
48,100,184,424,0,424,0.0
48,100,322,149,0,149,0.0
48,100,1302,1873,1522,351,0.8126001067805659
48,100,836,120,0,120,0.0
48,100,1056,150,2,148,0.013333333333333334
48,100,540,160,0,160,0.0
48,100,1178,350,1,349,0.002857142857142857
48,100,902,198,61,137,0.30808080808080807
49,10,522,133,0,133,0.0
49,10,1214,452,1,451,0.0022123893805309734
49,10,284,602,242,360,0.4019933554817276
49,10,1392,274,32,242,0.11678832116788321
49,10,924,640,204,436,0.31875
49,10,2,956,871,85,0.9110878661087866
49,10,1324,1459,1122,337,0.7690198766278272
49,10,312,180,28,152,0.15555555555555556
49,10,726,148,0,148,0.0
49,10,578,156,0,156,0.0
49,20,522,142,0,142,0.0
49,20,1214,475,4,471,0.008421052631578947
49,20,284,732,349,383,0.476775956284153
49,20,1392,308,56,252,0.18181818181818182
49,20,924,743,284,459,0.3822341857335128
49,20,2,1371,1283,88,0.9358132749817651
49,20,1324,2004,1656,348,0.8263473053892215
49,20,312,205,46,159,0.22439024390243903
49,20,726,154,0,154,0.0
49,20,578,165,0,165,0.0
49,20,846,155,0,155,0.0
49,20,114,1035,759,276,0.7333333333333333
49,20,476,203,42,161,0.20689655172413793
49,20,1190,163,3,160,0.018404907975460124
49,20,784,385,67,318,0.17402597402597403
49,20,232,351,7,344,0.019943019943019943
49,20,1406,293,24,269,0.08191126279863481
49,20,942,678,268,410,0.3952802359882006
49,20,352,147,0,147,0.0
49,20,1066,291,152,139,0.5223367697594502
49,50,522,157,0,157,0.0
49,50,1214,507,4,503,0.007889546351084813
49,50,284,765,349,416,0.4562091503267974
49,50,1392,324,56,268,0.1728395061728395
49,50,924,789,284,505,0.35994930291508237
49,50,2,1380,1283,97,0.9297101449275362
49,50,1324,2033,1656,377,0.8145597638957206
49,50,312,219,46,173,0.2100456621004566
49,50,726,162,0,162,0.0
49,50,578,176,0,176,0.0
49,50,846,164,0,164,0.0
49,50,114,1059,759,300,0.71671388101983
49,50,476,219,42,177,0.1917808219178082
49,50,1190,176,3,173,0.017045454545454544
49,50,784,403,67,336,0.1662531017369727
49,50,232,368,7,361,0.019021739130434784
49,50,1406,313,24,289,0.07667731629392971
49,50,942,721,268,453,0.37170596393897365
49,50,352,164,0,164,0.0
49,50,1066,306,152,154,0.49673202614379086
49,50,18,879,773,106,0.8794084186575654
49,50,1262,650,137,513,0.21076923076923076
49,50,1026,153,4,149,0.026143790849673203
49,50,1140,532,11,521,0.020676691729323307
49,50,544,172,0,172,0.0
49,50,690,181,18,163,0.09944751381215469
49,50,610,166,0,166,0.0
49,50,204,339,7,332,0.02064896755162242
49,50,422,186,0,186,0.0
49,50,1442,288,0,288,0.0
49,50,890,659,167,492,0.2534142640364188
49,50,818,221,70,151,0.3167420814479638
49,50,1178,372,1,371,0.002688172043010753
49,50,4,882,784,98,0.8888888888888888
49,50,558,171,0,171,0.0
49,50,1322,1182,761,421,0.643824027072758
49,50,180,3622,3589,33,0.9908890115958034
49,50,790,324,24,300,0.07407407407407407
49,50,668,208,49,159,0.23557692307692307
49,50,292,175,0,175,0.0
49,50,574,139,0,139,0.0
49,50,1402,274,14,260,0.051094890510948905
49,50,984,230,52,178,0.22608695652173913
49,50,1100,372,1,371,0.002688172043010753
49,50,148,192,33,159,0.171875
49,50,442,168,8,160,0.047619047619047616
49,50,70,936,831,105,0.8878205128205128
49,50,278,239,65,174,0.2719665271966527
49,50,746,159,3,156,0.018867924528301886
49,50,1306,524,98,426,0.18702290076335878
49,100,522,159,0,159,0.0
49,100,1214,510,4,506,0.00784313725490196
49,100,284,772,349,423,0.4520725388601036
49,100,1392,327,56,271,0.1712538226299694
49,100,924,802,284,518,0.3541147132169576
49,100,2,1382,1283,99,0.9283646888567294
49,100,1324,2041,1656,385,0.8113669769720725
49,100,312,222,46,176,0.2072072072072072
49,100,726,164,0,164,0.0
49,100,578,177,0,177,0.0
49,100,846,167,0,167,0.0
49,100,114,1062,759,303,0.7146892655367232
49,100,476,220,42,178,0.19090909090909092
49,100,1190,176,3,173,0.017045454545454544
49,100,784,410,67,343,0.16341463414634147
49,100,232,374,7,367,0.01871657754010695
49,100,1406,316,24,292,0.0759493670886076
49,100,942,728,268,460,0.36813186813186816
49,100,352,168,0,168,0.0
49,100,1066,307,152,155,0.495114006514658
49,100,18,907,798,109,0.8798235942668137
49,100,1262,668,146,522,0.218562874251497
49,100,1026,159,5,154,0.031446540880503145
49,100,1140,540,11,529,0.020370370370370372
49,100,544,176,0,176,0.0
49,100,690,185,18,167,0.0972972972972973
49,100,610,169,0,169,0.0
49,100,204,344,7,337,0.020348837209302327
49,100,422,190,0,190,0.0
49,100,1442,293,0,293,0.0
49,100,890,675,176,499,0.2607407407407407
49,100,818,229,73,156,0.31877729257641924
49,100,1178,374,1,373,0.00267379679144385
49,100,4,912,813,99,0.8914473684210527
49,100,558,174,0,174,0.0
49,100,1322,1221,792,429,0.6486486486486487
49,100,180,3780,3747,33,0.9912698412698413
49,100,790,334,24,310,0.0718562874251497
49,100,668,216,52,164,0.24074074074074073
49,100,292,175,0,175,0.0
49,100,574,144,0,144,0.0
49,100,1402,280,16,264,0.05714285714285714
49,100,984,235,55,180,0.23404255319148937
49,100,1100,374,1,373,0.00267379679144385
49,100,148,195,34,161,0.17435897435897435
49,100,442,169,8,161,0.047337278106508875
49,100,70,973,866,107,0.8900308324768756
49,100,278,239,65,174,0.2719665271966527
49,100,746,160,3,157,0.01875
49,100,1306,537,103,434,0.19180633147113593
49,100,372,158,0,158,0.0
49,100,1122,571,253,318,0.44308231173380036
49,100,804,262,122,140,0.46564885496183206
49,100,1356,134,0,134,0.0
49,100,966,675,168,507,0.24888888888888888
49,100,316,194,0,194,0.0
49,100,718,170,17,153,0.1
49,100,648,164,0,164,0.0
49,100,228,2384,2058,326,0.863255033557047
49,100,1040,156,0,156,0.0
49,100,482,170,2,168,0.011764705882352941
49,100,1138,177,0,177,0.0
49,100,48,572,463,109,0.8094405594405595
49,100,1264,1801,1557,244,0.8645197112715158
49,100,1410,317,18,299,0.056782334384858045
49,100,990,452,135,317,0.29867256637168144
49,100,538,155,0,155,0.0
49,100,998,534,56,478,0.10486891385767791
49,100,286,345,12,333,0.034782608695652174
49,100,1104,1047,607,440,0.5797516714422158
49,100,136,574,458,116,0.7979094076655052
49,100,386,155,2,153,0.012903225806451613
49,100,666,185,21,164,0.11351351351351352
49,100,652,168,0,168,0.0
49,100,870,172,23,149,0.13372093023255813
49,100,66,926,830,96,0.896328293736501
49,100,1448,164,0,164,0.0
49,100,484,161,2,159,0.012422360248447204
49,100,930,227,61,166,0.2687224669603524
49,100,1274,1207,757,450,0.6271748135874068
49,100,1146,351,2,349,0.005698005698005698
49,100,208,350,3,347,0.008571428571428572
49,100,320,183,2,181,0.01092896174863388
49,100,762,1939,1767,172,0.9112944816915935
49,100,1028,1490,1138,352,0.763758389261745
49,100,1404,392,129,263,0.32908163265306123
49,100,434,167,0,167,0.0
49,100,878,573,154,419,0.268760907504363
49,100,734,181,12,169,0.06629834254143646
49,100,622,163,0,163,0.0
49,100,1212,543,9,534,0.016574585635359115
49,100,94,982,874,108,0.890020366598778
49,100,172,489,105,384,0.2147239263803681
49,100,344,178,0,178,0.0
49,100,1288,738,299,439,0.4051490514905149
49,100,808,171,38,133,0.2222222222222222
49,100,1046,180,1,179,0.005555555555555556
49,100,530,169,0,169,0.0
49,100,1090,551,2,549,0.003629764065335753
49,100,1360,322,29,293,0.09006211180124224
50,10,430,152,6,146,0.039473684210526314
50,10,1074,316,0,316,0.0
50,10,210,450,3,447,0.006666666666666667
50,10,1338,289,19,270,0.0657439446366782
50,10,888,620,188,432,0.3032258064516129
50,10,34,856,774,82,0.9042056074766355
50,10,1302,1836,1494,342,0.8137254901960784
50,10,432,158,2,156,0.012658227848101266
50,10,714,156,14,142,0.08974358974358974
50,10,606,167,0,167,0.0
50,20,430,155,6,149,0.03870967741935484
50,20,1074,325,0,325,0.0
50,20,210,463,3,460,0.0064794816414686825
50,20,1338,297,19,278,0.06397306397306397
50,20,888,632,188,444,0.2974683544303797
50,20,34,860,774,86,0.9
50,20,1302,1845,1494,351,0.8097560975609757
50,20,432,166,2,164,0.012048192771084338
50,20,714,157,14,143,0.08917197452229299
50,20,606,170,0,170,0.0
50,20,836,120,0,120,0.0
50,20,144,1032,833,199,0.8071705426356589
50,20,308,161,0,161,0.0
50,20,1094,547,66,481,0.1206581352833638
50,20,772,491,400,91,0.814663951120163
50,20,200,1411,1072,339,0.7597448618001418
50,20,1438,293,14,279,0.04778156996587031
50,20,914,567,115,452,0.20282186948853614
50,20,460,137,0,137,0.0
50,20,1052,171,0,171,0.0
50,50,430,155,6,149,0.03870967741935484
50,50,1074,325,0,325,0.0
50,50,210,463,3,460,0.0064794816414686825
50,50,1338,298,19,279,0.06375838926174497
50,50,888,632,188,444,0.2974683544303797
50,50,34,860,774,86,0.9
50,50,1302,1845,1494,351,0.8097560975609757
50,50,432,166,2,164,0.012048192771084338
50,50,714,157,14,143,0.08917197452229299
50,50,606,170,0,170,0.0
50,50,836,120,0,120,0.0
50,50,144,1452,1253,199,0.8629476584022039
50,50,308,161,0,161,0.0
50,50,1094,571,89,482,0.15586690017513136
50,50,772,682,591,91,0.8665689149560117
50,50,200,1883,1544,339,0.8199681359532661
50,50,1438,297,18,279,0.06060606060606061
50,50,914,604,152,452,0.25165562913907286
50,50,460,137,0,137,0.0
50,50,1052,171,0,171,0.0
50,50,50,867,699,168,0.8062283737024222
50,50,1316,222,42,180,0.1891891891891892
50,50,1026,145,4,141,0.027586206896551724
50,50,1158,809,334,475,0.41285537700865266
50,50,324,153,0,153,0.0
50,50,730,185,47,138,0.25405405405405407
50,50,588,170,0,170,0.0
50,50,170,299,1,298,0.0033444816053511705
50,50,1434,244,0,244,0.0
50,50,548,158,0,158,0.0
50,50,988,191,45,146,0.2356020942408377
50,50,834,222,72,150,0.32432432432432434
50,50,1150,463,3,460,0.0064794816414686825
50,50,46,818,729,89,0.89119804400978
50,50,476,191,25,166,0.13089005235602094
50,50,1228,865,380,485,0.4393063583815029
50,50,198,348,52,296,0.14942528735632185
50,50,802,1611,1244,367,0.7721911855990068
50,50,712,164,22,142,0.13414634146341464
50,50,438,169,0,169,0.0
50,50,586,144,0,144,0.0
50,50,1334,276,0,276,0.0
50,50,996,698,243,455,0.34813753581661894
50,50,1174,483,154,329,0.3188405797101449
50,50,132,169,3,166,0.01775147928994083
50,50,418,154,0,154,0.0
50,50,98,1151,969,182,0.841876629018245
50,50,220,548,57,491,0.10401459854014598
50,50,764,327,0,327,0.0
50,50,1272,1607,1228,379,0.7641568139390168
50,100,430,166,7,159,0.04216867469879518
50,100,1074,349,0,349,0.0
50,100,210,481,3,478,0.006237006237006237
50,100,1338,307,20,287,0.06514657980456026
50,100,888,673,206,467,0.3060921248142645
50,100,34,962,873,89,0.9074844074844075
50,100,1302,2025,1660,365,0.8197530864197531
50,100,432,168,2,166,0.011904761904761904
50,100,714,174,21,153,0.1206896551724138
50,100,606,180,0,180,0.0
50,100,836,125,0,125,0.0
50,100,144,1700,1495,205,0.8794117647058823
50,100,308,169,0,169,0.0
50,100,1094,602,100,502,0.16611295681063123
50,100,772,798,703,95,0.8809523809523809
50,100,200,2206,1852,354,0.8395285584768812
50,100,1438,310,20,290,0.06451612903225806
50,100,914,649,180,469,0.2773497688751926
50,100,460,139,0,139,0.0
50,100,1052,177,0,177,0.0
50,100,50,1043,864,179,0.8283796740172579
50,100,1316,231,48,183,0.2077922077922078
50,100,1026,151,5,146,0.033112582781456956
50,100,1158,878,382,496,0.43507972665148065
50,100,324,163,0,163,0.0
50,100,730,201,55,146,0.2736318407960199
50,100,588,177,0,177,0.0
50,100,170,314,1,313,0.0031847133757961785
50,100,1434,258,0,258,0.0
50,100,548,168,0,168,0.0
50,100,988,209,56,153,0.2679425837320574
50,100,834,252,91,161,0.3611111111111111
50,100,1150,479,3,476,0.006263048016701462
50,100,46,967,876,91,0.905894519131334
50,100,476,201,26,175,0.12935323383084577
50,100,1228,968,459,509,0.47417355371900827
50,100,198,386,67,319,0.17357512953367876
50,100,802,1857,1470,387,0.7915993537964459
50,100,712,175,26,149,0.14857142857142858
50,100,438,175,0,175,0.0
50,100,586,154,0,154,0.0
50,100,1334,291,0,291,0.0
50,100,996,755,279,476,0.3695364238410596
50,100,1174,533,183,350,0.3433395872420263
50,100,132,177,3,174,0.01694915254237288
50,100,418,165,0,165,0.0
50,100,98,1337,1143,194,0.8548990276738968
50,100,220,573,63,510,0.1099476439790576
50,100,764,336,1,335,0.002976190476190476
50,100,1272,1856,1462,394,0.7877155172413793
50,100,318,161,0,161,0.0
50,100,1104,1087,655,432,0.6025758969641214
50,100,810,145,0,145,0.0
50,100,1404,395,138,257,0.3493670886075949
50,100,924,707,206,501,0.2913719943422914
50,100,530,163,0,163,0.0
50,100,698,191,14,177,0.07329842931937172
50,100,636,150,0,150,0.0
50,100,164,184,4,180,0.021739130434782608
50,100,1068,215,84,131,0.39069767441860465
50,100,420,28,0,28,0.0
50,100,1188,186,1,185,0.005376344086021506
50,100,104,950,851,99,0.8957894736842106
50,100,1282,225,55,170,0.24444444444444444
50,100,1436,291,0,291,0.0
50,100,932,1123,694,429,0.6179875333926982
50,100,360,181,3,178,0.016574585635359115
50,100,1004,175,10,165,0.05714285714285714
50,100,182,149,4,145,0.026845637583892617
50,100,1086,351,0,351,0.0
50,100,112,1754,1511,243,0.8614595210946409
50,100,380,157,0,157,0.0
50,100,694,217,23,194,0.10599078341013825
50,100,566,168,1,167,0.005952380952380952
50,100,848,702,587,115,0.8361823361823362
50,100,66,968,876,92,0.9049586776859504
50,100,1368,247,0,247,0.0
50,100,426,174,1,173,0.005747126436781609
50,100,982,222,64,158,0.2882882882882883
50,100,1288,755,327,428,0.433112582781457
50,100,1216,440,84,356,0.19090909090909092
50,100,194,354,0,354,0.0
50,100,516,163,2,161,0.012269938650306749
50,100,778,2092,1896,196,0.9063097514340345
50,100,1032,477,1,476,0.0020964360587002098
50,100,1386,449,19,430,0.042316258351893093
50,100,994,1162,720,442,0.6196213425129088
50,100,382,174,0,174,0.0
50,100,666,183,23,160,0.12568306010928962
50,100,616,161,0,161,0.0
50,100,1092,465,3,462,0.0064516129032258064
50,100,2,991,895,96,0.9031281533804238
50,100,286,335,14,321,0.041791044776119404
50,100,492,206,37,169,0.1796116504854369
50,100,1318,782,326,456,0.41687979539641945
50,100,854,273,129,144,0.4725274725274725
50,100,1036,150,1,149,0.006666666666666667
50,100,472,146,0,146,0.0
50,100,1196,338,0,338,0.0
50,100,1336,448,36,412,0.08035714285714286
51,10,476,173,21,152,0.12138728323699421
51,10,1144,956,709,247,0.7416317991631799
51,10,284,563,208,355,0.369449378330373
51,10,1370,123,0,123,0.0
51,10,896,602,140,462,0.23255813953488372
51,10,96,923,727,196,0.7876489707475623
51,10,1294,1216,677,539,0.5567434210526315
51,10,362,139,0,139,0.0
51,10,648,140,0,140,0.0
51,10,710,165,18,147,0.10909090909090909
51,20,476,216,40,176,0.18518518518518517
51,20,1144,1460,1174,286,0.8041095890410959
51,20,284,748,332,416,0.44385026737967914
51,20,1370,143,0,143,0.0
51,20,896,766,232,534,0.3028720626631854
51,20,96,1405,1180,225,0.8398576512455516
51,20,1294,1731,1116,615,0.6447140381282496
51,20,362,160,0,160,0.0
51,20,648,162,0,162,0.0
51,20,710,195,27,168,0.13846153846153847
51,20,824,233,86,147,0.36909871244635195
51,20,114,1019,720,299,0.7065750736015701
51,20,528,96,0,96,0.0
51,20,1180,331,3,328,0.00906344410876133
51,20,768,168,0,168,0.0
51,20,274,165,0,165,0.0
51,20,1326,412,0,412,0.0
51,20,984,264,87,177,0.32954545454545453
51,20,488,164,0,164,0.0
51,20,1056,162,3,159,0.018518518518518517
51,50,476,222,40,182,0.18018018018018017
51,50,1144,1473,1174,299,0.7970128988458928
51,50,284,761,332,429,0.43626806833114323
51,50,1370,150,0,150,0.0
51,50,896,780,232,548,0.29743589743589743
51,50,96,1413,1180,233,0.835102618542109
51,50,1294,1753,1116,637,0.6366229321163719
51,50,362,164,0,164,0.0
51,50,648,169,0,169,0.0
51,50,710,205,27,178,0.13170731707317074
51,50,824,239,86,153,0.3598326359832636
51,50,114,1027,720,307,0.7010710808179162
51,50,528,99,0,99,0.0
51,50,1180,338,3,335,0.008875739644970414
51,50,768,172,0,172,0.0
51,50,274,171,0,171,0.0
51,50,1326,424,0,424,0.0
51,50,984,268,87,181,0.3246268656716418
51,50,488,171,0,171,0.0
51,50,1056,174,3,171,0.017241379310344827
51,50,56,1093,998,95,0.9130832570905764
51,50,1244,1258,812,446,0.6454689984101749
51,50,1014,164,10,154,0.06097560975609756
51,50,1178,378,2,376,0.005291005291005291
51,50,336,197,1,196,0.005076142131979695
51,50,626,123,2,121,0.016260162601626018
51,50,660,187,7,180,0.0374331550802139
51,50,258,1673,1409,264,0.8421996413628213
51,50,1388,166,0,166,0.0
51,50,500,152,0,152,0.0
51,50,990,479,154,325,0.32150313152400833
51,50,856,463,307,156,0.6630669546436285
51,50,1212,551,10,541,0.018148820326678767
51,50,92,1238,983,255,0.7940226171243941
51,50,352,169,0,169,0.0
51,50,1260,709,188,521,0.2651622002820874
51,50,164,189,5,184,0.026455026455026454
51,50,790,345,32,313,0.0927536231884058
51,50,574,144,0,144,0.0
51,50,344,181,0,181,0.0
51,50,742,246,80,166,0.3252032520325203
51,50,1340,142,0,142,0.0
51,50,930,239,70,169,0.2928870292887029
51,50,1084,621,304,317,0.4895330112721417
51,50,110,852,743,109,0.8720657276995305
51,50,328,181,0,181,0.0
51,50,24,1084,977,107,0.9012915129151291
51,50,288,182,2,180,0.01098901098901099
51,50,750,643,136,507,0.2115085536547434
51,50,1312,778,268,510,0.3444730077120823
51,100,476,223,40,183,0.17937219730941703
51,100,1144,1477,1174,303,0.7948544346648612
51,100,284,770,332,438,0.43116883116883115
51,100,1370,152,0,152,0.0
51,100,896,785,232,553,0.29554140127388534
51,100,96,1417,1180,237,0.8327452364149612
51,100,1294,1757,1116,641,0.6351735913488902
51,100,362,165,0,165,0.0
51,100,648,171,0,171,0.0
51,100,710,207,27,180,0.13043478260869565
51,100,824,240,86,154,0.35833333333333334
51,100,114,1032,720,312,0.6976744186046512
51,100,528,102,0,102,0.0
51,100,1180,340,3,337,0.008823529411764706
51,100,768,173,0,173,0.0
51,100,274,174,0,174,0.0
51,100,1326,432,0,432,0.0
51,100,984,268,87,181,0.3246268656716418
51,100,488,174,0,174,0.0
51,100,1056,176,3,173,0.017045454545454544
51,100,56,1094,998,96,0.9122486288848263
51,100,1244,1266,812,454,0.641390205371248
51,100,1014,165,10,155,0.06060606060606061
51,100,1178,381,2,379,0.005249343832020997
51,100,336,200,1,199,0.005
51,100,626,126,2,124,0.015873015873015872
51,100,660,188,7,181,0.03723404255319149
51,100,258,1675,1409,266,0.8411940298507463
51,100,1388,167,0,167,0.0
51,100,500,154,0,154,0.0
51,100,990,486,154,332,0.3168724279835391
51,100,856,466,307,159,0.6587982832618026
51,100,1212,559,10,549,0.017889087656529516
51,100,92,1243,983,260,0.7908286403861625
51,100,352,170,0,170,0.0
51,100,1260,719,188,531,0.2614742698191933
51,100,164,193,5,188,0.025906735751295335
51,100,790,349,32,317,0.09169054441260745
51,100,574,148,0,148,0.0
51,100,344,183,0,183,0.0
51,100,742,246,80,166,0.3252032520325203
51,100,1340,146,0,146,0.0
51,100,930,242,70,172,0.2892561983471074
51,100,1084,622,304,318,0.4887459807073955
51,100,110,855,743,112,0.8690058479532163
51,100,328,184,0,184,0.0
51,100,24,1088,977,111,0.8979779411764706
51,100,288,186,2,184,0.010752688172043012
51,100,750,652,136,516,0.2085889570552147
51,100,1312,781,268,513,0.34314980793854033
51,100,420,28,0,28,0.0
51,100,1076,372,9,363,0.024193548387096774
51,100,820,213,45,168,0.2112676056338028
51,100,1412,886,592,294,0.6681715575620768
51,100,944,220,60,160,0.2727272727272727
51,100,408,181,0,181,0.0
51,100,616,169,0,169,0.0
51,100,674,210,20,190,0.09523809523809523
51,100,244,948,458,490,0.4831223628691983
51,100,1066,240,80,160,0.3333333333333333
51,100,524,188,0,188,0.0
51,100,1142,926,622,304,0.67170626349892
51,100,44,774,677,97,0.8746770025839793
51,100,1224,594,83,511,0.13973063973063973
51,100,1390,355,0,355,0.0
51,100,938,208,49,159,0.23557692307692307
51,100,466,156,0,156,0.0
51,100,1020,185,3,182,0.016216216216216217
51,100,178,352,3,349,0.008522727272727272
51,100,1184,345,1,344,0.002898550724637681
51,100,140,572,431,141,0.7534965034965035
51,100,386,158,2,156,0.012658227848101266
51,100,620,158,1,157,0.006329113924050633
51,100,700,211,20,191,0.0947867298578199
51,100,814,196,45,151,0.22959183673469388
51,100,82,1007,765,242,0.759682224428997
51,100,1424,300,10,290,0.03333333333333333
51,100,508,181,1,180,0.0055248618784530384
51,100,978,1168,668,500,0.571917808219178
51,100,1296,1240,595,645,0.4798387096774194
51,100,1096,209,29,180,0.13875598086124402
51,100,256,354,0,354,0.0
51,100,564,174,0,174,0.0
51,100,762,1729,1549,180,0.8958935801041065
51,100,1028,1361,996,365,0.7318148420279207
51,100,1342,838,431,407,0.5143198090692124
51,100,916,688,164,524,0.23837209302325582
51,100,348,162,0,162,0.0
51,100,612,160,0,160,0.0
51,100,714,176,14,162,0.07954545454545454
51,100,1130,1635,1424,211,0.8709480122324159
51,100,36,847,737,110,0.8701298701298701
51,100,252,1416,1176,240,0.8305084745762712
51,100,400,162,0,162,0.0
51,100,1274,1138,678,460,0.5957820738137083
51,100,818,220,59,161,0.2681818181818182
51,100,1064,160,0,160,0.0
51,100,458,162,3,159,0.018518518518518517
51,100,1188,195,0,195,0.0
51,100,1334,304,0,304,0.0
