building_seed,source_manifest,source_manifest_sha256
42,experiments/m5_building_count_v3_balanced_context/source_building_manifests/building_ladder_seed42.json,12075d8f4384a94c643064ff9e8e07d21f5cf5290f83c097ec677236d602a09e
43,experiments/m5_building_count_v3_balanced_context/source_building_manifests/building_ladder_seed43.json,941dd98d98df62a591a22f3b0185d475b1c2532bfbf313dc320fe6f5846bd6b5
44,experiments/m5_building_count_v3_balanced_context/source_building_manifests/building_ladder_seed44.json,d4886ea3acc2f840bbb8ccfb3cb65354a5acca6a73c2fbd45405a1986d74273e
45,experiments/m5_building_count_v3_balanced_context/source_building_manifests/building_ladder_seed45.json,9de86a3ba7eb26b347db2f1780ad50760c384c13f7c2ab78107e6fcb43f52032
46,experiments/m5_building_count_v3_balanced_context/source_building_manifests/building_ladder_seed46.json,15c79cffa10fea1967c56bc0222759b03ef744401b4f1d3bef721185b2d3f09a
47,experiments/m5_building_count_v2_seed47_51/audit/building_ladder_seed47.json,170f07556102907b9ed1f8e202e3215e2abbdd6ea5dcd20bdc9777d55b808dc3
48,experiments/m5_building_count_v2_seed47_51/audit/building_ladder_seed48.json,885a62810dfa911cfc2532d3760860aa52a8c9f5c98ab4599ff5ca40c0edd556
49,experiments/m5_building_count_v2_seed47_51/audit/building_ladder_seed49.json,51d720c30499be21636edc54bf8046b3b4f1fe5a7a9439ef6c7ccaeaf359982d
50,experiments/m5_building_count_v2_seed47_51/audit/building_ladder_seed50.json,59fcde1e35aff0c96e4f2e3ff1cfe560998561ecbcee8c841a40f78107e6e939
51,experiments/m5_building_count_v2_seed47_51/audit/building_ladder_seed51.json,8857079a1874660bb0894e0eba24b9282b05f7a1ea070139cc6cc45c7ed6874c
