meter_id,meter,model,feature_count,context_rows,regime_id,regime,normal_count,false_positive_count,rate
0,Electricity,tabpfn,137,5000,0,0–1,76825,14704,0.19139602993817117
0,Electricity,tabpfn,137,5000,1,1–10,621110,23109,0.03720596995701245
0,Electricity,tabpfn,137,5000,2,10–100,2612678,21414,0.008196187972647222
0,Electricity,tabpfn,137,5000,3,100–1k,2213985,10707,0.004836076125177
0,Electricity,tabpfn,137,5000,4,1k–10k,153309,8905,0.05808530484185534
0,Electricity,tabpfn,137,5000,5,10k–100k,485,170,0.35051546391752575
0,Electricity,tabpfn,137,5000,6,100k–300k,0,0,
0,Electricity,tabpfn,137,5000,7,≥300k,0,0,
0,Electricity,tabpfn,137,10000,0,0–1,76825,12238,0.15929710380735437
0,Electricity,tabpfn,137,10000,1,1–10,621110,16538,0.02662652348215292
0,Electricity,tabpfn,137,10000,2,10–100,2612678,17205,0.006585197257373469
0,Electricity,tabpfn,137,10000,3,100–1k,2213985,12902,0.005827501089664113
0,Electricity,tabpfn,137,10000,4,1k–10k,153309,11050,0.07207665564317815
0,Electricity,tabpfn,137,10000,5,10k–100k,485,112,0.2309278350515464
0,Electricity,tabpfn,137,10000,6,100k–300k,0,0,
0,Electricity,tabpfn,137,10000,7,≥300k,0,0,
0,Electricity,tabpfn,137,20000,0,0–1,76825,9038,0.11764399609502116
0,Electricity,tabpfn,137,20000,1,1–10,621110,14157,0.022793064030525993
0,Electricity,tabpfn,137,20000,2,10–100,2612678,14879,0.005694922987065379
0,Electricity,tabpfn,137,20000,3,100–1k,2213985,9092,0.004106622221921106
0,Electricity,tabpfn,137,20000,4,1k–10k,153309,5812,0.037910364036031804
0,Electricity,tabpfn,137,20000,5,10k–100k,485,4,0.008247422680412371
0,Electricity,tabpfn,137,20000,6,100k–300k,0,0,
0,Electricity,tabpfn,137,20000,7,≥300k,0,0,
0,Electricity,tabpfn,137,50000,0,0–1,76825,7622,0.0992124959323137
0,Electricity,tabpfn,137,50000,1,1–10,621110,12584,0.02026050136046755
0,Electricity,tabpfn,137,50000,2,10–100,2612678,11939,0.004569640805334603
0,Electricity,tabpfn,137,50000,3,100–1k,2213985,6026,0.002721788991343663
0,Electricity,tabpfn,137,50000,4,1k–10k,153309,4593,0.029959102205349978
0,Electricity,tabpfn,137,50000,5,10k–100k,485,2,0.004123711340206186
0,Electricity,tabpfn,137,50000,6,100k–300k,0,0,
0,Electricity,tabpfn,137,50000,7,≥300k,0,0,
0,Electricity,tabpfn,137,100000,0,0–1,76825,6103,0.07944028636511552
0,Electricity,tabpfn,137,100000,1,1–10,621110,9775,0.015737953019593954
0,Electricity,tabpfn,137,100000,2,10–100,2612678,10174,0.0038940887472547325
0,Electricity,tabpfn,137,100000,3,100–1k,2213985,5141,0.0023220572858443033
0,Electricity,tabpfn,137,100000,4,1k–10k,153309,2946,0.01921609298866994
0,Electricity,tabpfn,137,100000,5,10k–100k,485,0,0.0
0,Electricity,tabpfn,137,100000,6,100k–300k,0,0,
0,Electricity,tabpfn,137,100000,7,≥300k,0,0,
0,Electricity,trees,137,5000,0,0–1,76825,12897,0.167875040676863
0,Electricity,trees,137,5000,1,1–10,621110,8135,0.013097518957994558
0,Electricity,trees,137,5000,2,10–100,2612678,11033,0.00422287017382165
0,Electricity,trees,137,5000,3,100–1k,2213985,7927,0.0035804217282411578
0,Electricity,trees,137,5000,4,1k–10k,153309,5116,0.033370513146651536
0,Electricity,trees,137,5000,5,10k–100k,485,1,0.002061855670103093
0,Electricity,trees,137,5000,6,100k–300k,0,0,
0,Electricity,trees,137,5000,7,≥300k,0,0,
0,Electricity,trees,137,10000,0,0–1,76825,11805,0.1536609176700293
0,Electricity,trees,137,10000,1,1–10,621110,7537,0.01213472653797234
0,Electricity,trees,137,10000,2,10–100,2612678,10394,0.003978293536363838
0,Electricity,trees,137,10000,3,100–1k,2213985,7946,0.0035890035388676978
0,Electricity,trees,137,10000,4,1k–10k,153309,5098,0.033253103209857214
0,Electricity,trees,137,10000,5,10k–100k,485,8,0.016494845360824743
0,Electricity,trees,137,10000,6,100k–300k,0,0,
0,Electricity,trees,137,10000,7,≥300k,0,0,
0,Electricity,trees,137,20000,0,0–1,76825,11691,0.1521770257077774
0,Electricity,trees,137,20000,1,1–10,621110,6767,0.010895010545636038
0,Electricity,trees,137,20000,2,10–100,2612678,9969,0.0038156251937667023
0,Electricity,trees,137,20000,3,100–1k,2213985,7899,0.0035677748494230993
0,Electricity,trees,137,20000,4,1k–10k,153309,4372,0.028517569092486417
0,Electricity,trees,137,20000,5,10k–100k,485,10,0.020618556701030927
0,Electricity,trees,137,20000,6,100k–300k,0,0,
0,Electricity,trees,137,20000,7,≥300k,0,0,
0,Electricity,trees,137,50000,0,0–1,76825,10771,0.14020175724048162
0,Electricity,trees,137,50000,1,1–10,621110,7271,0.011706461013347071
0,Electricity,trees,137,50000,2,10–100,2612678,10931,0.004183829771598337
0,Electricity,trees,137,50000,3,100–1k,2213985,9275,0.004189278608481991
0,Electricity,trees,137,50000,4,1k–10k,153309,3963,0.025849754417548873
0,Electricity,trees,137,50000,5,10k–100k,485,0,0.0
0,Electricity,trees,137,50000,6,100k–300k,0,0,
0,Electricity,trees,137,50000,7,≥300k,0,0,
0,Electricity,trees,137,100000,0,0–1,76825,11232,0.1462024080702896
0,Electricity,trees,137,100000,1,1–10,621110,6400,0.01030413292331471
0,Electricity,trees,137,100000,2,10–100,2612678,10760,0.004118379685518077
0,Electricity,trees,137,100000,3,100–1k,2213985,9278,0.004190633631212497
0,Electricity,trees,137,100000,4,1k–10k,153309,3349,0.02184477101800938
0,Electricity,trees,137,100000,5,10k–100k,485,0,0.0
0,Electricity,trees,137,100000,6,100k–300k,0,0,
0,Electricity,trees,137,100000,7,≥300k,0,0,
1,Chilledwater,tabpfn,137,5000,0,0–1,231482,152054,0.6568718086071487
1,Chilledwater,tabpfn,137,5000,1,1–10,147243,793,0.005385655005670897
1,Chilledwater,tabpfn,137,5000,2,10–100,463579,2177,0.0046960712197920956
1,Chilledwater,tabpfn,137,5000,3,100–1k,848372,1030,0.0012140900454046103
1,Chilledwater,tabpfn,137,5000,4,1k–10k,281688,266,0.0009443071767345431
1,Chilledwater,tabpfn,137,5000,5,10k–100k,1851,2,0.0010804970286331713
1,Chilledwater,tabpfn,137,5000,6,100k–300k,0,0,
1,Chilledwater,tabpfn,137,5000,7,≥300k,0,0,
1,Chilledwater,tabpfn,137,10000,0,0–1,231482,145276,0.6275909141963522
1,Chilledwater,tabpfn,137,10000,1,1–10,147243,1118,0.007592890663732741
1,Chilledwater,tabpfn,137,10000,2,10–100,463579,2310,0.004982969461515729
1,Chilledwater,tabpfn,137,10000,3,100–1k,848372,1471,0.001733909181349691
1,Chilledwater,tabpfn,137,10000,4,1k–10k,281688,330,0.0011715089034676663
1,Chilledwater,tabpfn,137,10000,5,10k–100k,1851,7,0.0037817396002160996
1,Chilledwater,tabpfn,137,10000,6,100k–300k,0,0,
1,Chilledwater,tabpfn,137,10000,7,≥300k,0,0,
1,Chilledwater,tabpfn,137,20000,0,0–1,231482,135453,0.5851556492513457
1,Chilledwater,tabpfn,137,20000,1,1–10,147243,948,0.006438336627208084
1,Chilledwater,tabpfn,137,20000,2,10–100,463579,2754,0.005940735020352518
1,Chilledwater,tabpfn,137,20000,3,100–1k,848372,1654,0.0019496164418439082
1,Chilledwater,tabpfn,137,20000,4,1k–10k,281688,418,0.0014839112777257108
1,Chilledwater,tabpfn,137,20000,5,10k–100k,1851,9,0.004862236628849271
1,Chilledwater,tabpfn,137,20000,6,100k–300k,0,0,
1,Chilledwater,tabpfn,137,20000,7,≥300k,0,0,
1,Chilledwater,tabpfn,137,50000,0,0–1,231482,125948,0.5440941412291237
1,Chilledwater,tabpfn,137,50000,1,1–10,147243,1040,0.0070631541057978985
1,Chilledwater,tabpfn,137,50000,2,10–100,463579,2811,0.006063691409662646
1,Chilledwater,tabpfn,137,50000,3,100–1k,848372,1530,0.0018034541451155861
1,Chilledwater,tabpfn,137,50000,4,1k–10k,281688,328,0.0011644088495072562
1,Chilledwater,tabpfn,137,50000,5,10k–100k,1851,12,0.006482982171799027
1,Chilledwater,tabpfn,137,50000,6,100k–300k,0,0,
1,Chilledwater,tabpfn,137,50000,7,≥300k,0,0,
1,Chilledwater,tabpfn,137,100000,0,0–1,231482,124214,0.5366032780086573
1,Chilledwater,tabpfn,137,100000,1,1–10,147243,825,0.005602982824310833
1,Chilledwater,tabpfn,137,100000,2,10–100,463579,2341,0.005049840480263342
1,Chilledwater,tabpfn,137,100000,3,100–1k,848372,1346,0.001586568156421947
1,Chilledwater,tabpfn,137,100000,4,1k–10k,281688,397,0.0014093607111414046
1,Chilledwater,tabpfn,137,100000,5,10k–100k,1851,14,0.007563479200432199
1,Chilledwater,tabpfn,137,100000,6,100k–300k,0,0,
1,Chilledwater,tabpfn,137,100000,7,≥300k,0,0,
1,Chilledwater,trees,137,5000,0,0–1,231482,154378,0.6669114661183159
1,Chilledwater,trees,137,5000,1,1–10,147243,847,0.005752395699625788
1,Chilledwater,trees,137,5000,2,10–100,463579,2077,0.004480358256090116
1,Chilledwater,trees,137,5000,3,100–1k,848372,966,0.0011386514406416053
1,Chilledwater,trees,137,5000,4,1k–10k,281688,329,0.0011679588764874614
1,Chilledwater,trees,137,5000,5,10k–100k,1851,2,0.0010804970286331713
1,Chilledwater,trees,137,5000,6,100k–300k,0,0,
1,Chilledwater,trees,137,5000,7,≥300k,0,0,
1,Chilledwater,trees,137,10000,0,0–1,231482,145581,0.6289085112449349
1,Chilledwater,trees,137,10000,1,1–10,147243,1022,0.006940907207812935
1,Chilledwater,trees,137,10000,2,10–100,463579,2431,0.005243982147595124
1,Chilledwater,trees,137,10000,3,100–1k,848372,1420,0.0016737940431791713
1,Chilledwater,trees,137,10000,4,1k–10k,281688,423,0.001501661412626736
1,Chilledwater,trees,137,10000,5,10k–100k,1851,4,0.0021609940572663426
1,Chilledwater,trees,137,10000,6,100k–300k,0,0,
1,Chilledwater,trees,137,10000,7,≥300k,0,0,
1,Chilledwater,trees,137,20000,0,0–1,231482,141302,0.6104232726518692
1,Chilledwater,trees,137,20000,1,1–10,147243,871,0.00591539156360574
1,Chilledwater,trees,137,20000,2,10–100,463579,2522,0.005440280944563926
1,Chilledwater,trees,137,20000,3,100–1k,848372,1534,0.0018081690579132739
1,Chilledwater,trees,137,20000,4,1k–10k,281688,380,0.0013490102524779189
1,Chilledwater,trees,137,20000,5,10k–100k,1851,7,0.0037817396002160996
1,Chilledwater,trees,137,20000,6,100k–300k,0,0,
1,Chilledwater,trees,137,20000,7,≥300k,0,0,
1,Chilledwater,trees,137,50000,0,0–1,231482,133193,0.5753924711208647
1,Chilledwater,trees,137,50000,1,1–10,147243,1300,0.008828942632247374
1,Chilledwater,trees,137,50000,2,10–100,463579,2276,0.004909627053857056
1,Chilledwater,trees,137,50000,3,100–1k,848372,1184,0.0013956141881155907
1,Chilledwater,trees,137,50000,4,1k–10k,281688,408,0.0014484110079236601
1,Chilledwater,trees,137,50000,5,10k–100k,1851,5,0.002701242571582928
1,Chilledwater,trees,137,50000,6,100k–300k,0,0,
1,Chilledwater,trees,137,50000,7,≥300k,0,0,
1,Chilledwater,trees,137,100000,0,0–1,231482,129582,0.5597929860637112
1,Chilledwater,trees,137,100000,1,1–10,147243,797,0.0054128209830008895
1,Chilledwater,trees,137,100000,2,10–100,463579,1923,0.004148160291989068
1,Chilledwater,trees,137,100000,3,100–1k,848372,927,0.0010926810408641492
1,Chilledwater,trees,137,100000,4,1k–10k,281688,381,0.0013525602794581238
1,Chilledwater,trees,137,100000,5,10k–100k,1851,3,0.0016207455429497568
1,Chilledwater,trees,137,100000,6,100k–300k,0,0,
1,Chilledwater,trees,137,100000,7,≥300k,0,0,
2,Steam,tabpfn,137,5000,0,0–1,113715,53978,0.4746779228773689
2,Steam,tabpfn,137,5000,1,1–10,28581,1155,0.04041146216017634
2,Steam,tabpfn,137,5000,2,10–100,260925,2689,0.010305643384114209
2,Steam,tabpfn,137,5000,3,100–1k,583601,4990,0.008550362319461413
2,Steam,tabpfn,137,5000,4,1k–10k,291800,653,0.0022378341329677863
2,Steam,tabpfn,137,5000,5,10k–100k,22637,1,4.417546494676856e-05
2,Steam,tabpfn,137,5000,6,100k–300k,462,0,0.0
2,Steam,tabpfn,137,5000,7,≥300k,0,0,
2,Steam,tabpfn,137,10000,0,0–1,113715,46005,0.40456404168315524
2,Steam,tabpfn,137,10000,1,1–10,28581,1181,0.04132115741226689
2,Steam,tabpfn,137,10000,2,10–100,260925,1805,0.0069176966561272394
2,Steam,tabpfn,137,10000,3,100–1k,583601,5258,0.009009580175496615
2,Steam,tabpfn,137,10000,4,1k–10k,291800,661,0.00226525017135024
2,Steam,tabpfn,137,10000,5,10k–100k,22637,11,0.00048593011441445423
2,Steam,tabpfn,137,10000,6,100k–300k,462,0,0.0
2,Steam,tabpfn,137,10000,7,≥300k,0,0,
2,Steam,tabpfn,137,20000,0,0–1,113715,44269,0.38929780591830454
2,Steam,tabpfn,137,20000,1,1–10,28581,1059,0.03705258738322662
2,Steam,tabpfn,137,20000,2,10–100,260925,1284,0.004920954297211843
2,Steam,tabpfn,137,20000,3,100–1k,583601,4809,0.00824021891669137
2,Steam,tabpfn,137,20000,4,1k–10k,291800,659,0.0022583961617546264
2,Steam,tabpfn,137,20000,5,10k–100k,22637,13,0.0005742810443079914
2,Steam,tabpfn,137,20000,6,100k–300k,462,1,0.0021645021645021645
2,Steam,tabpfn,137,20000,7,≥300k,0,0,
2,Steam,tabpfn,137,50000,0,0–1,113715,33068,0.2907971683594952
2,Steam,tabpfn,137,50000,1,1–10,28581,1058,0.03701759910430006
2,Steam,tabpfn,137,50000,2,10–100,260925,1605,0.006151192871514803
2,Steam,tabpfn,137,50000,3,100–1k,583601,4382,0.007508554646068118
2,Steam,tabpfn,137,50000,4,1k–10k,291800,528,0.0018094585332419466
2,Steam,tabpfn,137,50000,5,10k–100k,22637,20,0.0008835092989353713
2,Steam,tabpfn,137,50000,6,100k–300k,462,1,0.0021645021645021645
2,Steam,tabpfn,137,50000,7,≥300k,0,0,
2,Steam,tabpfn,137,100000,0,0–1,113715,26410,0.2322472848788638
2,Steam,tabpfn,137,100000,1,1–10,28581,783,0.02739582239949617
2,Steam,tabpfn,137,100000,2,10–100,260925,1009,0.0038670115933697423
2,Steam,tabpfn,137,100000,3,100–1k,583601,2919,0.005001704931965504
2,Steam,tabpfn,137,100000,4,1k–10k,291800,371,0.001271418779986292
2,Steam,tabpfn,137,100000,5,10k–100k,22637,32,0.001413614878296594
2,Steam,tabpfn,137,100000,6,100k–300k,462,1,0.0021645021645021645
2,Steam,tabpfn,137,100000,7,≥300k,0,0,
2,Steam,trees,137,5000,0,0–1,113715,51730,0.4549092028316405
2,Steam,trees,137,5000,1,1–10,28581,1536,0.05374199643119555
2,Steam,trees,137,5000,2,10–100,260925,3665,0.014046181853022898
2,Steam,trees,137,5000,3,100–1k,583601,4143,0.007099028274454636
2,Steam,trees,137,5000,4,1k–10k,291800,445,0.001525017135023989
2,Steam,trees,137,5000,5,10k–100k,22637,0,0.0
2,Steam,trees,137,5000,6,100k–300k,462,0,0.0
2,Steam,trees,137,5000,7,≥300k,0,0,
2,Steam,trees,137,10000,0,0–1,113715,42835,0.3766873323660027
2,Steam,trees,137,10000,1,1–10,28581,1253,0.04384031349497918
2,Steam,trees,137,10000,2,10–100,260925,3227,0.012367538564721663
2,Steam,trees,137,10000,3,100–1k,583601,4065,0.006965375316354838
2,Steam,trees,137,10000,4,1k–10k,291800,544,0.001864290610006854
2,Steam,trees,137,10000,5,10k–100k,22637,3,0.00013252639484030569
2,Steam,trees,137,10000,6,100k–300k,462,0,0.0
2,Steam,trees,137,10000,7,≥300k,0,0,
2,Steam,trees,137,20000,0,0–1,113715,37398,0.32887481862551116
2,Steam,trees,137,20000,1,1–10,28581,1419,0.04964836779678808
2,Steam,trees,137,20000,2,10–100,260925,3788,0.014517581680559548
2,Steam,trees,137,20000,3,100–1k,583601,3685,0.00631424552048403
2,Steam,trees,137,20000,4,1k–10k,291800,598,0.0020493488690884166
2,Steam,trees,137,20000,5,10k–100k,22637,5,0.00022087732473384284
2,Steam,trees,137,20000,6,100k–300k,462,0,0.0
2,Steam,trees,137,20000,7,≥300k,0,0,
2,Steam,trees,137,50000,0,0–1,113715,34660,0.30479708042034914
2,Steam,trees,137,50000,1,1–10,28581,1581,0.055316468982890735
2,Steam,trees,137,50000,2,10–100,260925,3265,0.012513174283798027
2,Steam,trees,137,50000,3,100–1k,583601,2776,0.004756674508782541
2,Steam,trees,137,50000,4,1k–10k,291800,532,0.0018231665524331734
2,Steam,trees,137,50000,5,10k–100k,22637,5,0.00022087732473384284
2,Steam,trees,137,50000,6,100k–300k,462,0,0.0
2,Steam,trees,137,50000,7,≥300k,0,0,
2,Steam,trees,137,100000,0,0–1,113715,32614,0.28680473112606075
2,Steam,trees,137,100000,1,1–10,28581,1322,0.04625450474091179
2,Steam,trees,137,100000,2,10–100,260925,2376,0.009106064961195745
2,Steam,trees,137,100000,3,100–1k,583601,2669,0.004573330066261024
2,Steam,trees,137,100000,4,1k–10k,291800,514,0.0017614804660726524
2,Steam,trees,137,100000,5,10k–100k,22637,3,0.00013252639484030569
2,Steam,trees,137,100000,6,100k–300k,462,0,0.0
2,Steam,trees,137,100000,7,≥300k,0,0,
3,Hotwater,tabpfn,137,5000,0,0–1,101723,51372,0.5050185307157673
3,Hotwater,tabpfn,137,5000,1,1–10,48546,12418,0.2557986239854983
3,Hotwater,tabpfn,137,5000,2,10–100,135177,3107,0.022984679346338504
3,Hotwater,tabpfn,137,5000,3,100–1k,205426,2113,0.010285942383145268
3,Hotwater,tabpfn,137,5000,4,1k–10k,50056,127,0.0025371583826114753
3,Hotwater,tabpfn,137,5000,5,10k–100k,4451,24,0.0053920467310716695
3,Hotwater,tabpfn,137,5000,6,100k–300k,51,0,0.0
3,Hotwater,tabpfn,137,5000,7,≥300k,0,0,
3,Hotwater,tabpfn,137,10000,0,0–1,101723,41903,0.41193240466757763
3,Hotwater,tabpfn,137,10000,1,1–10,48546,8940,0.18415523421085156
3,Hotwater,tabpfn,137,10000,2,10–100,135177,2283,0.01688896779777625
3,Hotwater,tabpfn,137,10000,3,100–1k,205426,2494,0.012140624847877094
3,Hotwater,tabpfn,137,10000,4,1k–10k,50056,117,0.0023373821320121463
3,Hotwater,tabpfn,137,10000,5,10k–100k,4451,35,0.007863401482812851
3,Hotwater,tabpfn,137,10000,6,100k–300k,51,0,0.0
3,Hotwater,tabpfn,137,10000,7,≥300k,0,0,
3,Hotwater,tabpfn,137,20000,0,0–1,101723,35920,0.3531158145158912
3,Hotwater,tabpfn,137,20000,1,1–10,48546,2663,0.054855188893008694
3,Hotwater,tabpfn,137,20000,2,10–100,135177,1303,0.009639213771573566
3,Hotwater,tabpfn,137,20000,3,100–1k,205426,2304,0.011215717582000332
3,Hotwater,tabpfn,137,20000,4,1k–10k,50056,209,0.004175323637525971
3,Hotwater,tabpfn,137,20000,5,10k–100k,4451,98,0.022017524151875984
3,Hotwater,tabpfn,137,20000,6,100k–300k,51,4,0.0784313725490196
3,Hotwater,tabpfn,137,20000,7,≥300k,0,0,
3,Hotwater,tabpfn,137,50000,0,0–1,101723,31168,0.3064007156690227
3,Hotwater,tabpfn,137,50000,1,1–10,48546,2236,0.04605940757219956
3,Hotwater,tabpfn,137,50000,2,10–100,135177,1224,0.00905479482456335
3,Hotwater,tabpfn,137,50000,3,100–1k,205426,1889,0.009195525396006347
3,Hotwater,tabpfn,137,50000,4,1k–10k,50056,171,0.003416173885248522
3,Hotwater,tabpfn,137,50000,5,10k–100k,4451,146,0.03280161761401932
3,Hotwater,tabpfn,137,50000,6,100k–300k,51,6,0.11764705882352941
3,Hotwater,tabpfn,137,50000,7,≥300k,0,0,
3,Hotwater,tabpfn,137,100000,0,0–1,101723,28206,0.2772824238372836
3,Hotwater,tabpfn,137,100000,1,1–10,48546,1261,0.02597536357269394
3,Hotwater,tabpfn,137,100000,2,10–100,135177,894,0.006613551121862447
3,Hotwater,tabpfn,137,100000,3,100–1k,205426,1389,0.006761558906856971
3,Hotwater,tabpfn,137,100000,4,1k–10k,50056,196,0.003915614511746843
3,Hotwater,tabpfn,137,100000,5,10k–100k,4451,124,0.027858908110536956
3,Hotwater,tabpfn,137,100000,6,100k–300k,51,7,0.13725490196078433
3,Hotwater,tabpfn,137,100000,7,≥300k,0,0,
3,Hotwater,trees,137,5000,0,0–1,101723,46872,0.46078074771683886
3,Hotwater,trees,137,5000,1,1–10,48546,12666,0.26090718081819303
3,Hotwater,trees,137,5000,2,10–100,135177,4079,0.030175251707021164
3,Hotwater,trees,137,5000,3,100–1k,205426,1350,0.006571709520703319
3,Hotwater,trees,137,5000,4,1k–10k,50056,60,0.0011986575035959725
3,Hotwater,trees,137,5000,5,10k–100k,4451,30,0.006740058413839587
3,Hotwater,trees,137,5000,6,100k–300k,51,3,0.058823529411764705
3,Hotwater,trees,137,5000,7,≥300k,0,0,
3,Hotwater,trees,137,10000,0,0–1,101723,40516,0.3982973368854635
3,Hotwater,trees,137,10000,1,1–10,48546,9011,0.1856177645944053
3,Hotwater,trees,137,10000,2,10–100,135177,3269,0.024183108073118947
3,Hotwater,trees,137,10000,3,100–1k,205426,1278,0.006221218346265808
3,Hotwater,trees,137,10000,4,1k–10k,50056,134,0.002677001758031005
3,Hotwater,trees,137,10000,5,10k–100k,4451,9,0.002022017524151876
3,Hotwater,trees,137,10000,6,100k–300k,51,0,0.0
3,Hotwater,trees,137,10000,7,≥300k,0,0,
3,Hotwater,trees,137,20000,0,0–1,101723,35033,0.3443960559558802
3,Hotwater,trees,137,20000,1,1–10,48546,6715,0.1383224158530054
3,Hotwater,trees,137,20000,2,10–100,135177,2989,0.022111749779918182
3,Hotwater,trees,137,20000,3,100–1k,205426,1595,0.007764353100386514
3,Hotwater,trees,137,20000,4,1k–10k,50056,252,0.0050343615151030845
3,Hotwater,trees,137,20000,5,10k–100k,4451,29,0.006515389800044934
3,Hotwater,trees,137,20000,6,100k–300k,51,0,0.0
3,Hotwater,trees,137,20000,7,≥300k,0,0,
3,Hotwater,trees,137,50000,0,0–1,101723,31066,0.3053979925877137
3,Hotwater,trees,137,50000,1,1–10,48546,8580,0.1767395871956495
3,Hotwater,trees,137,50000,2,10–100,135177,2724,0.020151357109567457
3,Hotwater,trees,137,50000,3,100–1k,205426,1363,0.006634992649421203
3,Hotwater,trees,137,50000,4,1k–10k,50056,238,0.004754674764264024
3,Hotwater,trees,137,50000,5,10k–100k,4451,36,0.008088070096607504
3,Hotwater,trees,137,50000,6,100k–300k,51,0,0.0
3,Hotwater,trees,137,50000,7,≥300k,0,0,
3,Hotwater,trees,137,100000,0,0–1,101723,27140,0.2668029845757597
3,Hotwater,trees,137,100000,1,1–10,48546,7240,0.14913690108350844
3,Hotwater,trees,137,100000,2,10–100,135177,3115,0.023043861011858527
3,Hotwater,trees,137,100000,3,100–1k,205426,1093,0.005320650745280539
3,Hotwater,trees,137,100000,4,1k–10k,50056,180,0.0035959725107879174
3,Hotwater,trees,137,100000,5,10k–100k,4451,16,0.003594697820714446
3,Hotwater,trees,137,100000,6,100k–300k,51,0,0.0
3,Hotwater,trees,137,100000,7,≥300k,0,0,
